Count,correct,ASR,Filename
1,,,
1,and,lillian,b-rea1-f1_hyp.trn.dtl
1,announce,unite,b-rea1-f1_hyp.trn.dtl
1,called,caught,b-rea1-f1_hyp.trn.dtl
1,cinders,percenters,b-rea1-f1_hyp.trn.dtl
1,gowns,grounds,b-rea1-f1_hyp.trn.dtl
1,hairbrushes,her,b-rea1-f1_hyp.trn.dtl
1,hairpins,prince,b-rea1-f1_hyp.trn.dtl
1,hairspray,bring,b-rea1-f1_hyp.trn.dtl
1,howled,held,b-rea1-f1_hyp.trn.dtl
1,would,will,b-rea1-f1_hyp.trn.dtl
2,and,lillian,b-rea1-f2_hyp.trn.dtl
2,gowns,guns,b-rea1-f2_hyp.trn.dtl
1,a,the,b-rea1-f2_hyp.trn.dtl
1,and,ellen,b-rea1-f2_hyp.trn.dtl
1,cinders,percenters,b-rea1-f2_hyp.trn.dtl
1,cinders,senders,b-rea1-f2_hyp.trn.dtl
1,cinders,tinder's,b-rea1-f2_hyp.trn.dtl
1,divine,vine,b-rea1-f2_hyp.trn.dtl
1,girl,guard,b-rea1-f2_hyp.trn.dtl
1,hairbrushes,heart,b-rea1-f2_hyp.trn.dtl
1,hairpins,pins,b-rea1-f2_hyp.trn.dtl
1,hairspray,spray,b-rea1-f2_hyp.trn.dtl
1,howled,all,b-rea1-f2_hyp.trn.dtl
1,my,a,b-rea1-f2_hyp.trn.dtl
1,rosa,russell,b-rea1-f2_hyp.trn.dtl
1,shouting,shooting,b-rea1-f2_hyp.trn.dtl
1,si-,us,b-rea1-f2_hyp.trn.dtl
1,their,dollar,b-rea1-f2_hyp.trn.dtl
1,they'd,they,b-rea1-f2_hyp.trn.dtl
1,wear,are,b-rea1-f2_hyp.trn.dtl
1,when,in,b-rea1-f2_hyp.trn.dtl
1,would,will,b-rea1-f2_hyp.trn.dtl
2,cinders,sanders,b-rea1-f3_hyp.trn.dtl
1,a,the,b-rea1-f3_hyp.trn.dtl
1,and,lillian,b-rea1-f3_hyp.trn.dtl
1,and,rose,b-rea1-f3_hyp.trn.dtl
1,arrived,around,b-rea1-f3_hyp.trn.dtl
1,came,camp,b-rea1-f3_hyp.trn.dtl
1,cinders,percenters,b-rea1-f3_hyp.trn.dtl
1,cinders,standard,b-rea1-f3_hyp.trn.dtl
1,find,found,b-rea1-f3_hyp.trn.dtl
1,girl,guard,b-rea1-f3_hyp.trn.dtl
1,gowns,grounds,b-rea1-f3_hyp.trn.dtl
1,gowns,kinds,b-rea1-f3_hyp.trn.dtl
1,hairbrushes,and,b-rea1-f3_hyp.trn.dtl
1,hairpins,her,b-rea1-f3_hyp.trn.dtl
1,hairpins,pins,b-rea1-f3_hyp.trn.dtl
1,hairspray,spray,b-rea1-f3_hyp.trn.dtl
1,howled,told,b-rea1-f3_hyp.trn.dtl
1,lily,lillian,b-rea1-f3_hyp.trn.dtl
1,lived,live,b-rea1-f3_hyp.trn.dtl
1,rosa,up,b-rea1-f3_hyp.trn.dtl
1,shouting,trading,b-rea1-f3_hyp.trn.dtl
1,stepsisters,sisters,b-rea1-f3_hyp.trn.dtl
1,they'd,they,b-rea1-f3_hyp.trn.dtl
1,wear,work,b-rea1-f3_hyp.trn.dtl
1,would,will,b-rea1-f3_hyp.trn.dtl
2,gowns,guns,b-rea1-f4_hyp.trn.dtl
1,a,of,b-rea1-f4_hyp.trn.dtl
1,and,lillian,b-rea1-f4_hyp.trn.dtl
1,announce,nights,b-rea1-f4_hyp.trn.dtl
1,at,a,b-rea1-f4_hyp.trn.dtl
1,ball,all,b-rea1-f4_hyp.trn.dtl
1,cinders,centres,b-rea1-f4_hyp.trn.dtl
1,cinders,percenters,b-rea1-f4_hyp.trn.dtl
1,cinders,sender's,b-rea1-f4_hyp.trn.dtl
1,had,how,b-rea1-f4_hyp.trn.dtl
1,hairbrushes,her,b-rea1-f4_hyp.trn.dtl
1,hairpins,pins,b-rea1-f4_hyp.trn.dtl
1,hairspray,spray,b-rea1-f4_hyp.trn.dtl
1,her,the,b-rea1-f4_hyp.trn.dtl
1,howled,hold,b-rea1-f4_hyp.trn.dtl
1,lily,kelly,b-rea1-f4_hyp.trn.dtl
1,shouting,in,b-rea1-f4_hyp.trn.dtl
1,stepsisters,sisters,b-rea1-f4_hyp.trn.dtl
1,they'd,they,b-rea1-f4_hyp.trn.dtl
1,to,two,b-rea1-f4_hyp.trn.dtl
1,wear,are,b-rea1-f4_hyp.trn.dtl
2,and,lillian,b-rea1-f5_hyp.trn.dtl
1,a,ten,b-rea1-f5_hyp.trn.dtl
1,a,the,b-rea1-f5_hyp.trn.dtl
1,and,rose,b-rea1-f5_hyp.trn.dtl
1,arrived,of,b-rea1-f5_hyp.trn.dtl
1,at,its,b-rea1-f5_hyp.trn.dtl
1,buy,pay,b-rea1-f5_hyp.trn.dtl
1,called,the,b-rea1-f5_hyp.trn.dtl
1,cinders,lenders,b-rea1-f5_hyp.trn.dtl
1,cinders,percentage,b-rea1-f5_hyp.trn.dtl
1,cinders,sanders,b-rea1-f5_hyp.trn.dtl
1,cinders,send,b-rea1-f5_hyp.trn.dtl
1,cinders,their,b-rea1-f5_hyp.trn.dtl
1,divine,vein,b-rea1-f5_hyp.trn.dtl
1,dreamed,regimes,b-rea1-f5_hyp.trn.dtl
1,find,found,b-rea1-f5_hyp.trn.dtl
1,get,sister,b-rea1-f5_hyp.trn.dtl
1,girl,cigars,b-rea1-f5_hyp.trn.dtl
1,gowns,grounds,b-rea1-f5_hyp.trn.dtl
1,gowns,guns,b-rea1-f5_hyp.trn.dtl
1,hairbrushes,her,b-rea1-f5_hyp.trn.dtl
1,hairpins,pants,b-rea1-f5_hyp.trn.dtl
1,hairspray,spray,b-rea1-f5_hyp.trn.dtl
1,her,centres,b-rea1-f5_hyp.trn.dtl
1,howled,tell,b-rea1-f5_hyp.trn.dtl
1,lily,lillian,b-rea1-f5_hyp.trn.dtl
1,lived,lives,b-rea1-f5_hyp.trn.dtl
1,prince,principle,b-rea1-f5_hyp.trn.dtl
1,ready,radha,b-rea1-f5_hyp.trn.dtl
1,rosa,i,b-rea1-f5_hyp.trn.dtl
1,rosa,rose,b-rea1-f5_hyp.trn.dtl
1,shouting,shedding,b-rea1-f5_hyp.trn.dtl
1,stepsisters,sisters,b-rea1-f5_hyp.trn.dtl
1,they,break,b-rea1-f5_hyp.trn.dtl
1,unfriendly,friendly,b-rea1-f5_hyp.trn.dtl
1,were,around,b-rea1-f5_hyp.trn.dtl
1,when,in,b-rea1-f5_hyp.trn.dtl
1,william,in,b-rea1-f5_hyp.trn.dtl
1,yelled,jails,b-rea1-f5_hyp.trn.dtl
2,lily,elia,b-rea1-f6_hyp.trn.dtl
1,and,knows,b-rea1-f6_hyp.trn.dtl
1,and,lillian,b-rea1-f6_hyp.trn.dtl
1,arrived,i,b-rea1-f6_hyp.trn.dtl
1,bride,bright,b-rea1-f6_hyp.trn.dtl
1,cinders,centres,b-rea1-f6_hyp.trn.dtl
1,cinders,cindy,b-rea1-f6_hyp.trn.dtl
1,cinders,cindy's,b-rea1-f6_hyp.trn.dtl
1,cinders,percenters,b-rea1-f6_hyp.trn.dtl
1,cinders,sanders,b-rea1-f6_hyp.trn.dtl
1,gowns,grounds,b-rea1-f6_hyp.trn.dtl
1,gowns,kind,b-rea1-f6_hyp.trn.dtl
1,hairbrushes,her,b-rea1-f6_hyp.trn.dtl
1,hairpins,pins,b-rea1-f6_hyp.trn.dtl
1,hairspray,heartbreak,b-rea1-f6_hyp.trn.dtl
1,hat,heart,b-rea1-f6_hyp.trn.dtl
1,howled,hurt,b-rea1-f6_hyp.trn.dtl
1,jewels,jail,b-rea1-f6_hyp.trn.dtl
1,rosa,i,b-rea1-f6_hyp.trn.dtl
1,rosa,rose,b-rea1-f6_hyp.trn.dtl
1,they'd,it,b-rea1-f6_hyp.trn.dtl
1,when,in,b-rea1-f6_hyp.trn.dtl
1,yelled,jailed,b-rea1-f6_hyp.trn.dtl
3,cinders,senders,b-rea1-m1_hyp.trn.dtl
2,and,lillian,b-rea1-m1_hyp.trn.dtl
1,and,out,b-rea1-m1_hyp.trn.dtl
1,at,the,b-rea1-m1_hyp.trn.dtl
1,bride,bread,b-rea1-m1_hyp.trn.dtl
1,cinders,percenters,b-rea1-m1_hyp.trn.dtl
1,downs,hamid,b-rea1-m1_hyp.trn.dtl
1,gowns,guns,b-rea1-m1_hyp.trn.dtl
1,hairbrushes,her,b-rea1-m1_hyp.trn.dtl
1,hairpins,pins,b-rea1-m1_hyp.trn.dtl
1,hairspray,heartbreak,b-rea1-m1_hyp.trn.dtl
1,howled,hand,b-rea1-m1_hyp.trn.dtl
1,shouting,shooting,b-rea1-m1_hyp.trn.dtl
1,stepsisters,sisters,b-rea1-m1_hyp.trn.dtl
1,the,holy,b-rea1-m1_hyp.trn.dtl
1,they'd,they,b-rea1-m1_hyp.trn.dtl
1,would,will,b-rea1-m1_hyp.trn.dtl
1,yelled,gold,b-rea1-m1_hyp.trn.dtl
2,cinders,senators,b-rea1-m2_hyp.trn.dtl
1,a,of,b-rea1-m2_hyp.trn.dtl
1,and,lien,b-rea1-m2_hyp.trn.dtl
1,and,lillian,b-rea1-m2_hyp.trn.dtl
1,announce,out,b-rea1-m2_hyp.trn.dtl
1,arrived,egged,b-rea1-m2_hyp.trn.dtl
1,at,a,b-rea1-m2_hyp.trn.dtl
1,bad,pod,b-rea1-m2_hyp.trn.dtl
1,ball,all,b-rea1-m2_hyp.trn.dtl
1,called,call,b-rea1-m2_hyp.trn.dtl
1,cinders,percenters,b-rea1-m2_hyp.trn.dtl
1,cinders,sanders,b-rea1-m2_hyp.trn.dtl
1,downs,towns,b-rea1-m2_hyp.trn.dtl
1,find,found,b-rea1-m2_hyp.trn.dtl
1,gowns,guns,b-rea1-m2_hyp.trn.dtl
1,gowns,kinds,b-rea1-m2_hyp.trn.dtl
1,hairbrushes,her,b-rea1-m2_hyp.trn.dtl
1,hairpins,pins,b-rea1-m2_hyp.trn.dtl
1,hat,hold,b-rea1-m2_hyp.trn.dtl
1,her,their,b-rea1-m2_hyp.trn.dtl
1,howled,on,b-rea1-m2_hyp.trn.dtl
1,in,run,b-rea1-m2_hyp.trn.dtl
1,lily,laws,b-rea1-m2_hyp.trn.dtl
1,lily,the,b-rea1-m2_hyp.trn.dtl
1,lived,live,b-rea1-m2_hyp.trn.dtl
1,me,hama,b-rea1-m2_hyp.trn.dtl
1,rosa,rules,b-rea1-m2_hyp.trn.dtl
1,shouting,shedding,b-rea1-m2_hyp.trn.dtl
1,spent,spend,b-rea1-m2_hyp.trn.dtl
1,stepsisters,is,b-rea1-m2_hyp.trn.dtl
1,to,down,b-rea1-m2_hyp.trn.dtl
1,to,they,b-rea1-m2_hyp.trn.dtl
1,two,there,b-rea1-m2_hyp.trn.dtl
1,wear,were,b-rea1-m2_hyp.trn.dtl
1,were,over,b-rea1-m2_hyp.trn.dtl
1,would,will,b-rea1-m2_hyp.trn.dtl
1,ball,all,b-rea1-m3_hyp.trn.dtl
1,cinders,who's,b-rea1-m3_hyp.trn.dtl
1,gowns,guidelines,b-rea1-m3_hyp.trn.dtl
1,gowns,kinds,b-rea1-m3_hyp.trn.dtl
1,poor,person,b-rea1-m3_hyp.trn.dtl
1,rosa,er,b-rea1-m3_hyp.trn.dtl
1,stepsisters,sisters,b-rea1-m3_hyp.trn.dtl
1,the,hardly,b-rea1-m3_hyp.trn.dtl
1,the,their,b-rea1-m3_hyp.trn.dtl
1,they'd,they,b-rea1-m3_hyp.trn.dtl
1,was,with,b-rea1-m3_hyp.trn.dtl
2,gowns,guns,b-rea1-m4_hyp.trn.dtl
2,had,how,b-rea1-m4_hyp.trn.dtl
2,my,family,b-rea1-m4_hyp.trn.dtl
1,a,the,b-rea1-m4_hyp.trn.dtl
1,and,lillian,b-rea1-m4_hyp.trn.dtl
1,and,rose,b-rea1-m4_hyp.trn.dtl
1,arrived,arrayed,b-rea1-m4_hyp.trn.dtl
1,at,his,b-rea1-m4_hyp.trn.dtl
1,ball,boil,b-rea1-m4_hyp.trn.dtl
1,bells,bills,b-rea1-m4_hyp.trn.dtl
1,buying,buy,b-rea1-m4_hyp.trn.dtl
1,cinders,centres,b-rea1-m4_hyp.trn.dtl
1,cinders,percenters,b-rea1-m4_hyp.trn.dtl
1,cinders,senders,b-rea1-m4_hyp.trn.dtl
1,divine,vein,b-rea1-m4_hyp.trn.dtl
1,girl,guard,b-rea1-m4_hyp.trn.dtl
1,girls,guards,b-rea1-m4_hyp.trn.dtl
1,going,go,b-rea1-m4_hyp.trn.dtl
1,had,have,b-rea1-m4_hyp.trn.dtl
1,hairbrushes,her,b-rea1-m4_hyp.trn.dtl
1,hairpins,pins,b-rea1-m4_hyp.trn.dtl
1,hat,had,b-rea1-m4_hyp.trn.dtl
1,lily,lillian,b-rea1-m4_hyp.trn.dtl
1,lived,left,b-rea1-m4_hyp.trn.dtl
1,lived,senators,b-rea1-m4_hyp.trn.dtl
1,old,hold,b-rea1-m4_hyp.trn.dtl
1,parties,partners,b-rea1-m4_hyp.trn.dtl
1,rosa,i,b-rea1-m4_hyp.trn.dtl
1,rosa,rose,b-rea1-m4_hyp.trn.dtl
1,she,you,b-rea1-m4_hyp.trn.dtl
1,shouting,sharing,b-rea1-m4_hyp.trn.dtl
1,stepsisters,sisters,b-rea1-m4_hyp.trn.dtl
1,their,there,b-rea1-m4_hyp.trn.dtl
1,this,that,b-rea1-m4_hyp.trn.dtl
1,to,into,b-rea1-m4_hyp.trn.dtl
1,to,they,b-rea1-m4_hyp.trn.dtl
1,wear,were,b-rea1-m4_hyp.trn.dtl
1,wedding,winning,b-rea1-m4_hyp.trn.dtl
1,would,will,b-rea1-m4_hyp.trn.dtl
1,yelled,yeah,b-rea1-m4_hyp.trn.dtl
2,and,lillian,b-rea1-m5_hyp.trn.dtl
2,cinders,sanders,b-rea1-m5_hyp.trn.dtl
1,a,ninety,b-rea1-m5_hyp.trn.dtl
1,a,or,b-rea1-m5_hyp.trn.dtl
1,announce,through,b-rea1-m5_hyp.trn.dtl
1,buy,pay,b-rea1-m5_hyp.trn.dtl
1,cinders,centres,b-rea1-m5_hyp.trn.dtl
1,cinders,prisoners,b-rea1-m5_hyp.trn.dtl
1,girl,guard,b-rea1-m5_hyp.trn.dtl
1,girls,guards,b-rea1-m5_hyp.trn.dtl
1,gowns,grounds,b-rea1-m5_hyp.trn.dtl
1,gowns,guns,b-rea1-m5_hyp.trn.dtl
1,had,how,b-rea1-m5_hyp.trn.dtl
1,hairbrushes,her,b-rea1-m5_hyp.trn.dtl
1,hairpins,pens,b-rea1-m5_hyp.trn.dtl
1,hairspray,spray,b-rea1-m5_hyp.trn.dtl
1,hat,heart,b-rea1-m5_hyp.trn.dtl
1,howled,held,b-rea1-m5_hyp.trn.dtl
1,in,ran,b-rea1-m5_hyp.trn.dtl
1,rosa,rose,b-rea1-m5_hyp.trn.dtl
1,royal,all,b-rea1-m5_hyp.trn.dtl
1,shouting,shooting,b-rea1-m5_hyp.trn.dtl
1,their,they're,b-rea1-m5_hyp.trn.dtl
1,wear,work,b-rea1-m5_hyp.trn.dtl
1,would,will,b-rea1-m5_hyp.trn.dtl
2,cinders,centres,b-rea1-m6_hyp.trn.dtl
2,cinders,senders,b-rea1-m6_hyp.trn.dtl
2,gowns,games,b-rea1-m6_hyp.trn.dtl
1,a,the,b-rea1-m6_hyp.trn.dtl
1,and,lillian,b-rea1-m6_hyp.trn.dtl
1,arrived,aid,b-rea1-m6_hyp.trn.dtl
1,bells,bills,b-rea1-m6_hyp.trn.dtl
1,bride,braid,b-rea1-m6_hyp.trn.dtl
1,called,calls,b-rea1-m6_hyp.trn.dtl
1,divine,vein,b-rea1-m6_hyp.trn.dtl
1,find,fan,b-rea1-m6_hyp.trn.dtl
1,go,dog,b-rea1-m6_hyp.trn.dtl
1,hairbrushes,her,b-rea1-m6_hyp.trn.dtl
1,hairpins,pens,b-rea1-m6_hyp.trn.dtl
1,hat,heart,b-rea1-m6_hyp.trn.dtl
1,howled,heard,b-rea1-m6_hyp.trn.dtl
1,lily,italy,b-rea1-m6_hyp.trn.dtl
1,mother,mueller,b-rea1-m6_hyp.trn.dtl
1,prince,france,b-rea1-m6_hyp.trn.dtl
1,rosa,i,b-rea1-m6_hyp.trn.dtl
1,shouting,shooting,b-rea1-m6_hyp.trn.dtl
1,their,they're,b-rea1-m6_hyp.trn.dtl
1,they'd,they,b-rea1-m6_hyp.trn.dtl
1,to,he,b-rea1-m6_hyp.trn.dtl
1,wear,were,b-rea1-m6_hyp.trn.dtl
1,wedding,wearing,b-rea1-m6_hyp.trn.dtl
1,were,we're,b-rea1-m6_hyp.trn.dtl
1,would,will,b-rea1-m6_hyp.trn.dtl
2,and,lillian,c-rea1-f1_hyp.trn.dtl
1,and,rose,c-rea1-f1_hyp.trn.dtl
1,cinders,has,c-rea1-f1_hyp.trn.dtl
1,cinders,singers,c-rea1-f1_hyp.trn.dtl
1,gowns,ganz,c-rea1-f1_hyp.trn.dtl
1,howled,held,c-rea1-f1_hyp.trn.dtl
1,lily,lillian,c-rea1-f1_hyp.trn.dtl
1,rosa,i,c-rea1-f1_hyp.trn.dtl
1,rosa,rose,c-rea1-f1_hyp.trn.dtl
1,stepsisters,sisters,c-rea1-f1_hyp.trn.dtl
1,would,will,c-rea1-f1_hyp.trn.dtl
2,and,lillian,c-rea1-f2_hyp.trn.dtl
1,a,the,c-rea1-f2_hyp.trn.dtl
1,and,rose,c-rea1-f2_hyp.trn.dtl
1,buying,buy,c-rea1-f2_hyp.trn.dtl
1,cinders,has,c-rea1-f2_hyp.trn.dtl
1,cinders,sinners,c-rea1-f2_hyp.trn.dtl
1,find,found,c-rea1-f2_hyp.trn.dtl
1,howled,held,c-rea1-f2_hyp.trn.dtl
1,lily,lillian,c-rea1-f2_hyp.trn.dtl
1,rosa,i,c-rea1-f2_hyp.trn.dtl
1,rosa,rose,c-rea1-f2_hyp.trn.dtl
1,stepsisters,sisters,c-rea1-f2_hyp.trn.dtl
1,their,the,c-rea1-f2_hyp.trn.dtl
1,they'd,it,c-rea1-f2_hyp.trn.dtl
1,were,they're,c-rea1-f2_hyp.trn.dtl
1,would,will,c-rea1-f2_hyp.trn.dtl
1,and,lillian,c-rea1-f3_hyp.trn.dtl
1,and,rose,c-rea1-f3_hyp.trn.dtl
1,ball,bull,c-rea1-f3_hyp.trn.dtl
1,cinders,cindy's,c-rea1-f3_hyp.trn.dtl
1,cinders,singers,c-rea1-f3_hyp.trn.dtl
1,honour,or,c-rea1-f3_hyp.trn.dtl
1,howled,held,c-rea1-f3_hyp.trn.dtl
1,lily,lillian,c-rea1-f3_hyp.trn.dtl
1,rosa,i,c-rea1-f3_hyp.trn.dtl
1,rosa,rose,c-rea1-f3_hyp.trn.dtl
1,stepsisters,sisters,c-rea1-f3_hyp.trn.dtl
1,they'd,they,c-rea1-f3_hyp.trn.dtl
1,was,william's,c-rea1-f3_hyp.trn.dtl
2,cinders,has,c-rea1-f4_hyp.trn.dtl
1,a,the,c-rea1-f4_hyp.trn.dtl
1,and,lillian,c-rea1-f4_hyp.trn.dtl
1,and,rose,c-rea1-f4_hyp.trn.dtl
1,ball,bull,c-rea1-f4_hyp.trn.dtl
1,ball,pool,c-rea1-f4_hyp.trn.dtl
1,cinders,singers,c-rea1-f4_hyp.trn.dtl
1,had,has,c-rea1-f4_hyp.trn.dtl
1,her,assist,c-rea1-f4_hyp.trn.dtl
1,howled,held,c-rea1-f4_hyp.trn.dtl
1,lily,lillian,c-rea1-f4_hyp.trn.dtl
1,lily,razor,c-rea1-f4_hyp.trn.dtl
1,poor,porcine,c-rea1-f4_hyp.trn.dtl
1,rosa,i,c-rea1-f4_hyp.trn.dtl
1,rosa,rose,c-rea1-f4_hyp.trn.dtl
1,sisters,us,c-rea1-f4_hyp.trn.dtl
1,stepsisters,sisters,c-rea1-f4_hyp.trn.dtl
1,they'd,they,c-rea1-f4_hyp.trn.dtl
1,wear,work,c-rea1-f4_hyp.trn.dtl
3,cinders,cindy's,c-rea1-f5_hyp.trn.dtl
3,their,the,c-rea1-f5_hyp.trn.dtl
1,a,the,c-rea1-f5_hyp.trn.dtl
1,and,lillian,c-rea1-f5_hyp.trn.dtl
1,and,rose,c-rea1-f5_hyp.trn.dtl
1,buying,by,c-rea1-f5_hyp.trn.dtl
1,cinders,symbols,c-rea1-f5_hyp.trn.dtl
1,honour,one,c-rea1-f5_hyp.trn.dtl
1,howled,had,c-rea1-f5_hyp.trn.dtl
1,in,and,c-rea1-f5_hyp.trn.dtl
1,lily,lillian,c-rea1-f5_hyp.trn.dtl
1,of,hundred,c-rea1-f5_hyp.trn.dtl
1,rosa,a,c-rea1-f5_hyp.trn.dtl
1,rosa,razor,c-rea1-f5_hyp.trn.dtl
1,royal,raw,c-rea1-f5_hyp.trn.dtl
1,they,there,c-rea1-f5_hyp.trn.dtl
1,they'd,had,c-rea1-f5_hyp.trn.dtl
1,thought,foot,c-rea1-f5_hyp.trn.dtl
1,were,they're,c-rea1-f5_hyp.trn.dtl
1,would,will,c-rea1-f5_hyp.trn.dtl
2,and,lillian,c-rea1-f6_hyp.trn.dtl
2,cinders,singers,c-rea1-f6_hyp.trn.dtl
1,a,answer,c-rea1-f6_hyp.trn.dtl
1,announce,an,c-rea1-f6_hyp.trn.dtl
1,cinders,cindy's,c-rea1-f6_hyp.trn.dtl
1,downs,dance,c-rea1-f6_hyp.trn.dtl
1,enough,in,c-rea1-f6_hyp.trn.dtl
1,gowns,afghans,c-rea1-f6_hyp.trn.dtl
1,rosa,i,c-rea1-f6_hyp.trn.dtl
1,rosa,rose,c-rea1-f6_hyp.trn.dtl
1,royal,real,c-rea1-f6_hyp.trn.dtl
1,stepsisters,sisters,c-rea1-f6_hyp.trn.dtl
1,the,healthy,c-rea1-f6_hyp.trn.dtl
1,they'd,they,c-rea1-f6_hyp.trn.dtl
1,would,will,c-rea1-f6_hyp.trn.dtl
1,a,the,c-rea1-m1_hyp.trn.dtl
1,and,lillian,c-rea1-m1_hyp.trn.dtl
1,and,rose,c-rea1-m1_hyp.trn.dtl
1,cinders,singers,c-rea1-m1_hyp.trn.dtl
1,howled,held,c-rea1-m1_hyp.trn.dtl
1,lily,lillian,c-rea1-m1_hyp.trn.dtl
1,rosa,i,c-rea1-m1_hyp.trn.dtl
1,sep,set,c-rea1-m1_hyp.trn.dtl
1,sepsisters,separatists,c-rea1-m1_hyp.trn.dtl
1,they,and,c-rea1-m1_hyp.trn.dtl
1,twostepsisters,stepsisters,c-rea1-m1_hyp.trn.dtl
1,were,they're,c-rea1-m1_hyp.trn.dtl
1,would,board,c-rea1-m1_hyp.trn.dtl
1,yelled,old,c-rea1-m1_hyp.trn.dtl
3,and,lillian,c-rea1-m2_hyp.trn.dtl
2,ball,bull,c-rea1-m2_hyp.trn.dtl
1,cinders,singers,c-rea1-m2_hyp.trn.dtl
1,howled,held,c-rea1-m2_hyp.trn.dtl
1,stepsisters,sisters,c-rea1-m2_hyp.trn.dtl
1,they,i,c-rea1-m2_hyp.trn.dtl
1,they'd,they,c-rea1-m2_hyp.trn.dtl
1,was,be,c-rea1-m2_hyp.trn.dtl
1,yelled,old,c-rea1-m2_hyp.trn.dtl
1,howled,how,c-rea1-m3_hyp.trn.dtl
1,stepsisters,sisters,c-rea1-m3_hyp.trn.dtl
1,they'd,had,c-rea1-m3_hyp.trn.dtl
2,they'd,they,c-rea1-m4_hyp.trn.dtl
1,and,lillian,c-rea1-m4_hyp.trn.dtl
1,and,rose,c-rea1-m4_hyp.trn.dtl
1,buying,buy,c-rea1-m4_hyp.trn.dtl
1,cinders,has,c-rea1-m4_hyp.trn.dtl
1,cinders,sindh,c-rea1-m4_hyp.trn.dtl
1,cinders,singers,c-rea1-m4_hyp.trn.dtl
1,howled,held,c-rea1-m4_hyp.trn.dtl
1,jewels,the,c-rea1-m4_hyp.trn.dtl
1,lily,lillian,c-rea1-m4_hyp.trn.dtl
1,old,they're,c-rea1-m4_hyp.trn.dtl
1,poor,paul,c-rea1-m4_hyp.trn.dtl
1,rosa,i,c-rea1-m4_hyp.trn.dtl
1,rosa,rose,c-rea1-m4_hyp.trn.dtl
1,stepsisters,sisters,c-rea1-m4_hyp.trn.dtl
1,wear,about,c-rea1-m4_hyp.trn.dtl
1,would,will,c-rea1-m4_hyp.trn.dtl
1,yelled,old,c-rea1-m4_hyp.trn.dtl
2,and,lillian,c-rea1-m5_hyp.trn.dtl
2,cinders,singers,c-rea1-m5_hyp.trn.dtl
1,and,rose,c-rea1-m5_hyp.trn.dtl
1,ball,bull,c-rea1-m5_hyp.trn.dtl
1,ball,would,c-rea1-m5_hyp.trn.dtl
1,buying,buy,c-rea1-m5_hyp.trn.dtl
1,her,percent,c-rea1-m5_hyp.trn.dtl
1,howled,how,c-rea1-m5_hyp.trn.dtl
1,lily,lillian,c-rea1-m5_hyp.trn.dtl
1,rosa,i,c-rea1-m5_hyp.trn.dtl
1,stepsisters,sisters,c-rea1-m5_hyp.trn.dtl
1,they'd,they,c-rea1-m5_hyp.trn.dtl
1,to,yet,c-rea1-m5_hyp.trn.dtl
1,was,is,c-rea1-m5_hyp.trn.dtl
1,were,they're,c-rea1-m5_hyp.trn.dtl
2,and,lillian,c-rea1-m6_hyp.trn.dtl
1,and,rose,c-rea1-m6_hyp.trn.dtl
1,cinders,singers,c-rea1-m6_hyp.trn.dtl
1,her,our,c-rea1-m6_hyp.trn.dtl
1,her,their,c-rea1-m6_hyp.trn.dtl
1,howled,hold,c-rea1-m6_hyp.trn.dtl
1,lily,lillian,c-rea1-m6_hyp.trn.dtl
1,rosa,i,c-rea1-m6_hyp.trn.dtl
1,rosa,rose,c-rea1-m6_hyp.trn.dtl
1,stepsisters,sisters,c-rea1-m6_hyp.trn.dtl
1,they,i,c-rea1-m6_hyp.trn.dtl
1,they'd,they,c-rea1-m6_hyp.trn.dtl
1,was,is,c-rea1-m6_hyp.trn.dtl
3,and,lillian,car-rea1-f1_hyp.trn.dtl
2,cinders,singers,car-rea1-f1_hyp.trn.dtl
2,they'd,they,car-rea1-f1_hyp.trn.dtl
1,ball,bore,car-rea1-f1_hyp.trn.dtl
1,cindarella,cinderella,car-rea1-f1_hyp.trn.dtl
1,going,go,car-rea1-f1_hyp.trn.dtl
1,had,have,car-rea1-f1_hyp.trn.dtl
1,hand,hands,car-rea1-f1_hyp.trn.dtl
1,howled,all,car-rea1-f1_hyp.trn.dtl
1,my,by,car-rea1-f1_hyp.trn.dtl
1,once,went,car-rea1-f1_hyp.trn.dtl
1,one,win,car-rea1-f1_hyp.trn.dtl
1,rosa,rose,car-rea1-f1_hyp.trn.dtl
1,son,cern,car-rea1-f1_hyp.trn.dtl
1,stepsisters,sisters,car-rea1-f1_hyp.trn.dtl
1,their,the,car-rea1-f1_hyp.trn.dtl
1,they'd,had,car-rea1-f1_hyp.trn.dtl
1,to,into,car-rea1-f1_hyp.trn.dtl
1,unfriendly,friendly,car-rea1-f1_hyp.trn.dtl
2,and,lillian,car-rea1-f2_hyp.trn.dtl
1,a,answer,car-rea1-f2_hyp.trn.dtl
1,and,rose,car-rea1-f2_hyp.trn.dtl
1,announce,an,car-rea1-f2_hyp.trn.dtl
1,at,in,car-rea1-f2_hyp.trn.dtl
1,bec-,because,car-rea1-f2_hyp.trn.dtl
1,cinders,does,car-rea1-f2_hyp.trn.dtl
1,cleaning,in,car-rea1-f2_hyp.trn.dtl
1,define,funny,car-rea1-f2_hyp.trn.dtl
1,divine,defined,car-rea1-f2_hyp.trn.dtl
1,erm,um,car-rea1-f2_hyp.trn.dtl
1,gowns,guns,car-rea1-f2_hyp.trn.dtl
1,had,hadn't,car-rea1-f2_hyp.trn.dtl
1,had,shot,car-rea1-f2_hyp.trn.dtl
1,help,helped,car-rea1-f2_hyp.trn.dtl
1,her,sin,car-rea1-f2_hyp.trn.dtl
1,howled,hold,car-rea1-f2_hyp.trn.dtl
1,lily,lillian,car-rea1-f2_hyp.trn.dtl
1,messenger,master,car-rea1-f2_hyp.trn.dtl
1,rosa,i,car-rea1-f2_hyp.trn.dtl
1,rosa,rose,car-rea1-f2_hyp.trn.dtl
1,royal,real,car-rea1-f2_hyp.trn.dtl
1,this,it,car-rea1-f2_hyp.trn.dtl
1,unfriendly,friendly,car-rea1-f2_hyp.trn.dtl
1,were,went,car-rea1-f2_hyp.trn.dtl
2,gowns,grounds,car-rea1-f3_hyp.trn.dtl
1,a,the,car-rea1-f3_hyp.trn.dtl
1,and,lillian,car-rea1-f3_hyp.trn.dtl
1,and,rose,car-rea1-f3_hyp.trn.dtl
1,at,it,car-rea1-f3_hyp.trn.dtl
1,buying,a,car-rea1-f3_hyp.trn.dtl
1,cinders,does,car-rea1-f3_hyp.trn.dtl
1,cinders,passengers,car-rea1-f3_hyp.trn.dtl
1,her,sin,car-rea1-f3_hyp.trn.dtl
1,howled,old,car-rea1-f3_hyp.trn.dtl
1,jewels,jules,car-rea1-f3_hyp.trn.dtl
1,lily,lillian,car-rea1-f3_hyp.trn.dtl
1,one,i,car-rea1-f3_hyp.trn.dtl
1,only,use,car-rea1-f3_hyp.trn.dtl
1,queen's,of,car-rea1-f3_hyp.trn.dtl
1,rosa,i,car-rea1-f3_hyp.trn.dtl
1,she,you,car-rea1-f3_hyp.trn.dtl
1,so,for,car-rea1-f3_hyp.trn.dtl
1,son,in,car-rea1-f3_hyp.trn.dtl
1,started,status,car-rea1-f3_hyp.trn.dtl
1,stepsisters,sisters,car-rea1-f3_hyp.trn.dtl
1,they,the,car-rea1-f3_hyp.trn.dtl
1,was,most,car-rea1-f3_hyp.trn.dtl
1,would,will,car-rea1-f3_hyp.trn.dtl
3,and,lillian,car-rea1-f4_hyp.trn.dtl
2,their,the,car-rea1-f4_hyp.trn.dtl
1,a,an,car-rea1-f4_hyp.trn.dtl
1,ball,answerable,car-rea1-f4_hyp.trn.dtl
1,ball,bull,car-rea1-f4_hyp.trn.dtl
1,ball,was,car-rea1-f4_hyp.trn.dtl
1,buying,a,car-rea1-f4_hyp.trn.dtl
1,cinders,singers,car-rea1-f4_hyp.trn.dtl
1,going,go,car-rea1-f4_hyp.trn.dtl
1,howled,held,car-rea1-f4_hyp.trn.dtl
1,one,when,car-rea1-f4_hyp.trn.dtl
1,royal,real,car-rea1-f4_hyp.trn.dtl
1,this,he,car-rea1-f4_hyp.trn.dtl
1,to,into,car-rea1-f4_hyp.trn.dtl
1,would,to,car-rea1-f4_hyp.trn.dtl
2,and,lillian,car-rea1-m1_hyp.trn.dtl
2,they,he,car-rea1-m1_hyp.trn.dtl
1,a,they,car-rea1-m1_hyp.trn.dtl
1,and,rose,car-rea1-m1_hyp.trn.dtl
1,ball,bar,car-rea1-m1_hyp.trn.dtl
1,ball,board,car-rea1-m1_hyp.trn.dtl
1,day,when,car-rea1-m1_hyp.trn.dtl
1,downs,down,car-rea1-m1_hyp.trn.dtl
1,gowns,guns,car-rea1-m1_hyp.trn.dtl
1,had,person,car-rea1-m1_hyp.trn.dtl
1,hehad,had,car-rea1-m1_hyp.trn.dtl
1,her,the,car-rea1-m1_hyp.trn.dtl
1,howled,hold,car-rea1-m1_hyp.trn.dtl
1,lily,lillian,car-rea1-m1_hyp.trn.dtl
1,lily,the,car-rea1-m1_hyp.trn.dtl
1,messenger,messengers,car-rea1-m1_hyp.trn.dtl
1,one,i,car-rea1-m1_hyp.trn.dtl
1,rosa,i,car-rea1-m1_hyp.trn.dtl
1,rosa,rose,car-rea1-m1_hyp.trn.dtl
1,stepsisters,sisters,car-rea1-m1_hyp.trn.dtl
1,would,will,car-rea1-m1_hyp.trn.dtl
2,cinders,singers,car-rea1-m2_hyp.trn.dtl
2,gowns,guns,car-rea1-m2_hyp.trn.dtl
2,their,the,car-rea1-m2_hyp.trn.dtl
1,and,lillian,car-rea1-m2_hyp.trn.dtl
1,ball,bore,car-rea1-m2_hyp.trn.dtl
1,had,have,car-rea1-m2_hyp.trn.dtl
1,her,the,car-rea1-m2_hyp.trn.dtl
1,howled,hold,car-rea1-m2_hyp.trn.dtl
1,me,handmade,car-rea1-m2_hyp.trn.dtl
1,rosa,lillian,car-rea1-m2_hyp.trn.dtl
1,sorry,was,car-rea1-m2_hyp.trn.dtl
1,wanted,to,car-rea1-m2_hyp.trn.dtl
1,were,rose,car-rea1-m2_hyp.trn.dtl
1,would,will,car-rea1-m2_hyp.trn.dtl
2,and,lillian,car-rea1-m3_hyp.trn.dtl
2,cinders,singers,car-rea1-m3_hyp.trn.dtl
1,a,the,car-rea1-m3_hyp.trn.dtl
1,and,rosa,car-rea1-m3_hyp.trn.dtl
1,downs,handouts,car-rea1-m3_hyp.trn.dtl
1,everyone,reverend,car-rea1-m3_hyp.trn.dtl
1,gowns,ground,car-rea1-m3_hyp.trn.dtl
1,her,a,car-rea1-m3_hyp.trn.dtl
1,howled,old,car-rea1-m3_hyp.trn.dtl
1,jewellery,jury,car-rea1-m3_hyp.trn.dtl
1,lily,lillian,car-rea1-m3_hyp.trn.dtl
1,one,when,car-rea1-m3_hyp.trn.dtl
1,stepsisters,sisters,car-rea1-m3_hyp.trn.dtl
1,their,the,car-rea1-m3_hyp.trn.dtl
1,unfriendly,lee,car-rea1-m3_hyp.trn.dtl
2,and,rose,car-rea1-m4_hyp.trn.dtl
2,lily,lillian,car-rea1-m4_hyp.trn.dtl
1,a,the,car-rea1-m4_hyp.trn.dtl
1,and,in,car-rea1-m4_hyp.trn.dtl
1,and,lillian,car-rea1-m4_hyp.trn.dtl
1,cinders,has,car-rea1-m4_hyp.trn.dtl
1,cinders,passengers,car-rea1-m4_hyp.trn.dtl
1,cinders,since,car-rea1-m4_hyp.trn.dtl
1,gowns,count,car-rea1-m4_hyp.trn.dtl
1,hairpins,happens,car-rea1-m4_hyp.trn.dtl
1,her,descended,car-rea1-m4_hyp.trn.dtl
1,howled,hold,car-rea1-m4_hyp.trn.dtl
1,rosa,a,car-rea1-m4_hyp.trn.dtl
1,rosa,who,car-rea1-m4_hyp.trn.dtl
1,their,the,car-rea1-m4_hyp.trn.dtl
1,they'd,they,car-rea1-m4_hyp.trn.dtl
3,cinders,singers,d-rea1-f1_hyp.trn.dtl
2,and,lillian,d-rea1-f1_hyp.trn.dtl
1,a,the,d-rea1-f1_hyp.trn.dtl
1,ball,wall,d-rea1-f1_hyp.trn.dtl
1,downs,dance,d-rea1-f1_hyp.trn.dtl
1,gowns,guns,d-rea1-f1_hyp.trn.dtl
1,howled,out,d-rea1-f1_hyp.trn.dtl
1,rosa,rose,d-rea1-f1_hyp.trn.dtl
1,sisters,to,d-rea1-f1_hyp.trn.dtl
1,stepsisters,sisters,d-rea1-f1_hyp.trn.dtl
1,te,step,d-rea1-f1_hyp.trn.dtl
1,they'd,they,d-rea1-f1_hyp.trn.dtl
1,yelled,other,d-rea1-f1_hyp.trn.dtl
3,and,lillian,d-rea1-f2_hyp.trn.dtl
2,gowns,ganz,d-rea1-f2_hyp.trn.dtl
1,a,the,d-rea1-f2_hyp.trn.dtl
1,at,in,d-rea1-f2_hyp.trn.dtl
1,downs,dance,d-rea1-f2_hyp.trn.dtl
1,howled,count,d-rea1-f2_hyp.trn.dtl
1,howled,held,d-rea1-f2_hyp.trn.dtl
1,jewels,had,d-rea1-f2_hyp.trn.dtl
1,me,finally,d-rea1-f2_hyp.trn.dtl
1,their,the,d-rea1-f2_hyp.trn.dtl
1,were,we're,d-rea1-f2_hyp.trn.dtl
1,a,the,d-rea1-f3_hyp.trn.dtl
1,and,lillian,d-rea1-f3_hyp.trn.dtl
1,bride,bright,d-rea1-f3_hyp.trn.dtl
1,cinders,singers,d-rea1-f3_hyp.trn.dtl
1,howled,held,d-rea1-f3_hyp.trn.dtl
1,sepsisters,step,d-rea1-f3_hyp.trn.dtl
1,stepsisters,sisters,d-rea1-f3_hyp.trn.dtl
2,and,lillian,d-rea1-f4_hyp.trn.dtl
1,a,the,d-rea1-f4_hyp.trn.dtl
1,announce,end,d-rea1-f4_hyp.trn.dtl
1,at,in,d-rea1-f4_hyp.trn.dtl
1,cinders,singers,d-rea1-f4_hyp.trn.dtl
1,gowns,grounds,d-rea1-f4_hyp.trn.dtl
1,howled,held,d-rea1-f4_hyp.trn.dtl
1,stepsisters,sisters,d-rea1-f4_hyp.trn.dtl
2,gowns,gains,d-rea1-f5_hyp.trn.dtl
1,a,the,d-rea1-f5_hyp.trn.dtl
1,all,that,d-rea1-f5_hyp.trn.dtl
1,and,rose,d-rea1-f5_hyp.trn.dtl
1,cinders,singers,d-rea1-f5_hyp.trn.dtl
1,her,your,d-rea1-f5_hyp.trn.dtl
1,howled,held,d-rea1-f5_hyp.trn.dtl
1,lily,lillian,d-rea1-f5_hyp.trn.dtl
1,rosa,i,d-rea1-f5_hyp.trn.dtl
1,shouting,chatting,d-rea1-f5_hyp.trn.dtl
1,stepsisters,sisters,d-rea1-f5_hyp.trn.dtl
1,they'd,they,d-rea1-f5_hyp.trn.dtl
1,would,will,d-rea1-f5_hyp.trn.dtl
1,a,the,d-rea1-f6_hyp.trn.dtl
1,and,lillian,d-rea1-f6_hyp.trn.dtl
1,and,rose,d-rea1-f6_hyp.trn.dtl
1,at,and,d-rea1-f6_hyp.trn.dtl
1,ball,viral,d-rea1-f6_hyp.trn.dtl
1,cinders,sanders,d-rea1-f6_hyp.trn.dtl
1,do,did,d-rea1-f6_hyp.trn.dtl
1,everyone,evan,d-rea1-f6_hyp.trn.dtl
1,gowns,grounds,d-rea1-f6_hyp.trn.dtl
1,ha,head,d-rea1-f6_hyp.trn.dtl
1,howled,helps,d-rea1-f6_hyp.trn.dtl
1,lily,lillian,d-rea1-f6_hyp.trn.dtl
1,messenger,master,d-rea1-f6_hyp.trn.dtl
1,rosa,i,d-rea1-f6_hyp.trn.dtl
1,royal,real,d-rea1-f6_hyp.trn.dtl
1,stepsisters,sisters,d-rea1-f6_hyp.trn.dtl
1,they'd,they,d-rea1-f6_hyp.trn.dtl
1,were,we're,d-rea1-f6_hyp.trn.dtl
1,yelled,had,d-rea1-f6_hyp.trn.dtl
2,they'd,they,d-rea1-m1_hyp.trn.dtl
1,and,rose,d-rea1-m1_hyp.trn.dtl
1,be,we,d-rea1-m1_hyp.trn.dtl
1,bells,bills,d-rea1-m1_hyp.trn.dtl
1,buying,buy,d-rea1-m1_hyp.trn.dtl
1,cinders,dress,d-rea1-m1_hyp.trn.dtl
1,cinders,prisoners,d-rea1-m1_hyp.trn.dtl
1,cinders,seniors,d-rea1-m1_hyp.trn.dtl
1,cinders,singers,d-rea1-m1_hyp.trn.dtl
1,do,all,d-rea1-m1_hyp.trn.dtl
1,had,have,d-rea1-m1_hyp.trn.dtl
1,howled,held,d-rea1-m1_hyp.trn.dtl
1,lily,lillian,d-rea1-m1_hyp.trn.dtl
1,lily,lydia,d-rea1-m1_hyp.trn.dtl
1,one,would,d-rea1-m1_hyp.trn.dtl
1,rosa,i,d-rea1-m1_hyp.trn.dtl
1,rosa,rose,d-rea1-m1_hyp.trn.dtl
1,son,of,d-rea1-m1_hyp.trn.dtl
1,stepsin,test,d-rea1-m1_hyp.trn.dtl
1,their,the,d-rea1-m1_hyp.trn.dtl
1,to,threw,d-rea1-m1_hyp.trn.dtl
1,wanted,ordered,d-rea1-m1_hyp.trn.dtl
1,would,bald,d-rea1-m1_hyp.trn.dtl
1,yelled,held,d-rea1-m1_hyp.trn.dtl
2,cinders,sanders,d-rea1-m2_hyp.trn.dtl
1,a,the,d-rea1-m2_hyp.trn.dtl
1,and,lillian,d-rea1-m2_hyp.trn.dtl
1,and,rose,d-rea1-m2_hyp.trn.dtl
1,at,and,d-rea1-m2_hyp.trn.dtl
1,but,with,d-rea1-m2_hyp.trn.dtl
1,cinders,and,d-rea1-m2_hyp.trn.dtl
1,dreamed,dreams,d-rea1-m2_hyp.trn.dtl
1,evening,even,d-rea1-m2_hyp.trn.dtl
1,gowns,grounds,d-rea1-m2_hyp.trn.dtl
1,gowns,guns,d-rea1-m2_hyp.trn.dtl
1,howled,held,d-rea1-m2_hyp.trn.dtl
1,jewels,jails,d-rea1-m2_hyp.trn.dtl
1,lily,lillian,d-rea1-m2_hyp.trn.dtl
1,of,with,d-rea1-m2_hyp.trn.dtl
1,one,won't,d-rea1-m2_hyp.trn.dtl
1,rosa,i,d-rea1-m2_hyp.trn.dtl
1,stepsisters,sisters,d-rea1-m2_hyp.trn.dtl
1,they,the,d-rea1-m2_hyp.trn.dtl
1,they'd,it,d-rea1-m2_hyp.trn.dtl
1,they'd,they,d-rea1-m2_hyp.trn.dtl
1,were,they're,d-rea1-m2_hyp.trn.dtl
1,were,we're,d-rea1-m2_hyp.trn.dtl
1,and,lillian,d-rea1-m3_hyp.trn.dtl
1,and,rose,d-rea1-m3_hyp.trn.dtl
1,ball,lot,d-rea1-m3_hyp.trn.dtl
1,cinders,centres,d-rea1-m3_hyp.trn.dtl
1,howled,held,d-rea1-m3_hyp.trn.dtl
1,lily,lillian,d-rea1-m3_hyp.trn.dtl
1,rosa,i,d-rea1-m3_hyp.trn.dtl
1,rosa,rose,d-rea1-m3_hyp.trn.dtl
1,stepsisters,sisters,d-rea1-m3_hyp.trn.dtl
1,they'd,they,d-rea1-m3_hyp.trn.dtl
2,and,lillian,d-rea1-m4_hyp.trn.dtl
2,their,the,d-rea1-m4_hyp.trn.dtl
1,a,the,d-rea1-m4_hyp.trn.dtl
1,and,linen,d-rea1-m4_hyp.trn.dtl
1,arrived,around,d-rea1-m4_hyp.trn.dtl
1,bride,ride,d-rea1-m4_hyp.trn.dtl
1,but,with,d-rea1-m4_hyp.trn.dtl
1,called,every,d-rea1-m4_hyp.trn.dtl
1,cinders,percenters,d-rea1-m4_hyp.trn.dtl
1,cinders,singers,d-rea1-m4_hyp.trn.dtl
1,find,for,d-rea1-m4_hyp.trn.dtl
1,gowns,guns,d-rea1-m4_hyp.trn.dtl
1,her,corner,d-rea1-m4_hyp.trn.dtl
1,honour,and,d-rea1-m4_hyp.trn.dtl
1,howled,held,d-rea1-m4_hyp.trn.dtl
1,lily,listen,d-rea1-m4_hyp.trn.dtl
1,new,their,d-rea1-m4_hyp.trn.dtl
1,of,under,d-rea1-m4_hyp.trn.dtl
1,one,on,d-rea1-m4_hyp.trn.dtl
1,rosa,rose,d-rea1-m4_hyp.trn.dtl
1,stepsisters,sisters,d-rea1-m4_hyp.trn.dtl
1,they,he,d-rea1-m4_hyp.trn.dtl
1,they,the,d-rea1-m4_hyp.trn.dtl
1,they'd,they,d-rea1-m4_hyp.trn.dtl
1,would,will,d-rea1-m4_hyp.trn.dtl
2,and,lillian,d-rea1-m6_hyp.trn.dtl
1,arrived,royal,d-rea1-m6_hyp.trn.dtl
1,dreamed,dream,d-rea1-m6_hyp.trn.dtl
1,find,follow,d-rea1-m6_hyp.trn.dtl
1,gowns,grounds,d-rea1-m6_hyp.trn.dtl
1,howled,held,d-rea1-m6_hyp.trn.dtl
1,jewels,joe's,d-rea1-m6_hyp.trn.dtl
1,of,their,d-rea1-m6_hyp.trn.dtl
1,poor,per,d-rea1-m6_hyp.trn.dtl
1,rosa,also,d-rea1-m6_hyp.trn.dtl
1,rosa,russell,d-rea1-m6_hyp.trn.dtl
1,they,i,d-rea1-m6_hyp.trn.dtl
1,would,will,d-rea1-m6_hyp.trn.dtl
1,a,the,j-rea1-f1_hyp.trn.dtl
1,and,lillian,j-rea1-f1_hyp.trn.dtl
1,and,rose,j-rea1-f1_hyp.trn.dtl
1,buying,buy,j-rea1-f1_hyp.trn.dtl
1,find,by,j-rea1-f1_hyp.trn.dtl
1,her,their,j-rea1-f1_hyp.trn.dtl
1,howled,held,j-rea1-f1_hyp.trn.dtl
1,lily,lillian,j-rea1-f1_hyp.trn.dtl
1,rosa,a,j-rea1-f1_hyp.trn.dtl
1,stepsisters,sisters,j-rea1-f1_hyp.trn.dtl
1,their,the,j-rea1-f1_hyp.trn.dtl
2,ball,bull,j-rea1-f2_hyp.trn.dtl
1,cinders,this,j-rea1-f2_hyp.trn.dtl
1,messenger,message,j-rea1-f2_hyp.trn.dtl
1,poor,pausing,j-rea1-f2_hyp.trn.dtl
1,royal,world,j-rea1-f2_hyp.trn.dtl
1,they'd,they,j-rea1-f2_hyp.trn.dtl
1,thought,fought,j-rea1-f2_hyp.trn.dtl
2,their,the,j-rea1-f3_hyp.trn.dtl
1,and,rose,j-rea1-f3_hyp.trn.dtl
1,arrived,of,j-rea1-f3_hyp.trn.dtl
1,ball,inaudible,j-rea1-f3_hyp.trn.dtl
1,buying,a,j-rea1-f3_hyp.trn.dtl
1,cinder,kinda,j-rea1-f3_hyp.trn.dtl
1,cinders,cinda,j-rea1-f3_hyp.trn.dtl
1,downs,dance,j-rea1-f3_hyp.trn.dtl
1,find,fire,j-rea1-f3_hyp.trn.dtl
1,her,their,j-rea1-f3_hyp.trn.dtl
1,honour,one,j-rea1-f3_hyp.trn.dtl
1,lily,lillian,j-rea1-f3_hyp.trn.dtl
1,other,eliava,j-rea1-f3_hyp.trn.dtl
1,poor,horse,j-rea1-f3_hyp.trn.dtl
1,rosa,i,j-rea1-f3_hyp.trn.dtl
1,rosa,rose,j-rea1-f3_hyp.trn.dtl
1,royal,row,j-rea1-f3_hyp.trn.dtl
1,stepsisters,sisters,j-rea1-f3_hyp.trn.dtl
1,the,you,j-rea1-f3_hyp.trn.dtl
1,their,that,j-rea1-f3_hyp.trn.dtl
1,to,against,j-rea1-f3_hyp.trn.dtl
1,were,they're,j-rea1-f3_hyp.trn.dtl
3,and,lillian,j-rea1-f4_hyp.trn.dtl
1,and,on,j-rea1-f4_hyp.trn.dtl
1,eve,evening,j-rea1-f4_hyp.trn.dtl
1,gowns,guns,j-rea1-f4_hyp.trn.dtl
1,hairbrushes,her,j-rea1-f4_hyp.trn.dtl
1,hairpins,pins,j-rea1-f4_hyp.trn.dtl
1,howled,have,j-rea1-f4_hyp.trn.dtl
1,of,a,j-rea1-f4_hyp.trn.dtl
1,stepsisters,sisters,j-rea1-f4_hyp.trn.dtl
1,the,if,j-rea1-f4_hyp.trn.dtl
1,their,that,j-rea1-f4_hyp.trn.dtl
1,their,the,j-rea1-f4_hyp.trn.dtl
1,they'd,they,j-rea1-f4_hyp.trn.dtl
1,when,wonder,j-rea1-f4_hyp.trn.dtl
1,a,while,j-rea1-f5_hyp.trn.dtl
1,cinder,cindy,j-rea1-f5_hyp.trn.dtl
1,cinders,centres,j-rea1-f5_hyp.trn.dtl
1,cinders,singers,j-rea1-f5_hyp.trn.dtl
1,divine,principle,j-rea1-f5_hyp.trn.dtl
1,hand,hands,j-rea1-f5_hyp.trn.dtl
1,rosa,are,j-rea1-f5_hyp.trn.dtl
1,royal,your,j-rea1-f5_hyp.trn.dtl
1,spent,spend,j-rea1-f5_hyp.trn.dtl
1,stepsisters,sisters,j-rea1-f5_hyp.trn.dtl
1,they'd,they,j-rea1-f5_hyp.trn.dtl
1,time,times,j-rea1-f5_hyp.trn.dtl
1,wear,well,j-rea1-f5_hyp.trn.dtl
1,and,in,j-rea1-f6_hyp.trn.dtl
1,and,lee,j-rea1-f6_hyp.trn.dtl
1,arrived,arrives,j-rea1-f6_hyp.trn.dtl
1,ball,wall,j-rea1-f6_hyp.trn.dtl
1,buying,buy,j-rea1-f6_hyp.trn.dtl
1,downs,down,j-rea1-f6_hyp.trn.dtl
1,gowns,guns,j-rea1-f6_hyp.trn.dtl
1,hairpins,happens,j-rea1-f6_hyp.trn.dtl
1,howled,how,j-rea1-f6_hyp.trn.dtl
1,poor,post,j-rea1-f6_hyp.trn.dtl
1,rosa,arosa,j-rea1-f6_hyp.trn.dtl
1,spent,spend,j-rea1-f6_hyp.trn.dtl
1,would,will,j-rea1-f6_hyp.trn.dtl
1,yelled,old,j-rea1-f6_hyp.trn.dtl
1,a,the,j-rea1-f7_hyp.trn.dtl
1,ball,bull,j-rea1-f7_hyp.trn.dtl
1,buying,by,j-rea1-f7_hyp.trn.dtl
1,howled,how,j-rea1-f7_hyp.trn.dtl
1,lily,lady,j-rea1-f7_hyp.trn.dtl
1,lily,lee,j-rea1-f7_hyp.trn.dtl
1,parties,party,j-rea1-f7_hyp.trn.dtl
1,royal,wrong,j-rea1-f7_hyp.trn.dtl
1,stepsisters,sisters,j-rea1-f7_hyp.trn.dtl
1,their,the,j-rea1-f7_hyp.trn.dtl
1,wedding,reading,j-rea1-f7_hyp.trn.dtl
1,yelled,yard,j-rea1-f7_hyp.trn.dtl
2,gowns,guns,j-rea1-m1_hyp.trn.dtl
1,and,lillian,j-rea1-m1_hyp.trn.dtl
1,ball,ble,j-rea1-m1_hyp.trn.dtl
1,cinder,cinda,j-rea1-m1_hyp.trn.dtl
1,cinders,extenders,j-rea1-m1_hyp.trn.dtl
1,cinders,singers,j-rea1-m1_hyp.trn.dtl
1,he,she,j-rea1-m1_hyp.trn.dtl
1,howled,how,j-rea1-m1_hyp.trn.dtl
1,rosa,rose,j-rea1-m1_hyp.trn.dtl
1,spent,spend,j-rea1-m1_hyp.trn.dtl
1,stepsisters,sisters,j-rea1-m1_hyp.trn.dtl
1,their,the,j-rea1-m1_hyp.trn.dtl
1,they'd,they,j-rea1-m1_hyp.trn.dtl
1,thought,roosevelt,j-rea1-m1_hyp.trn.dtl
1,would,will,j-rea1-m1_hyp.trn.dtl
1,yelled,old,j-rea1-m1_hyp.trn.dtl
2,leila,leela,j-rea1-m2_hyp.trn.dtl
1,ball,boom,j-rea1-m2_hyp.trn.dtl
1,buying,a,j-rea1-m2_hyp.trn.dtl
1,cinder,cinda,j-rea1-m2_hyp.trn.dtl
1,cinder,single,j-rea1-m2_hyp.trn.dtl
1,cinders,cinda,j-rea1-m2_hyp.trn.dtl
1,er,um,j-rea1-m2_hyp.trn.dtl
1,evening,even,j-rea1-m2_hyp.trn.dtl
1,gowns,guns,j-rea1-m2_hyp.trn.dtl
1,hairpins,happens,j-rea1-m2_hyp.trn.dtl
1,jewels,jews,j-rea1-m2_hyp.trn.dtl
1,leila,lena,j-rea1-m2_hyp.trn.dtl
1,me,handmade,j-rea1-m2_hyp.trn.dtl
1,other,how,j-rea1-m2_hyp.trn.dtl
1,queen's,queens,j-rea1-m2_hyp.trn.dtl
1,sisters,sister,j-rea1-m2_hyp.trn.dtl
1,sorry,so,j-rea1-m2_hyp.trn.dtl
1,spent,spend,j-rea1-m2_hyp.trn.dtl
1,stepsisters,sisters,j-rea1-m2_hyp.trn.dtl
1,the,went,j-rea1-m2_hyp.trn.dtl
1,william,william's,j-rea1-m2_hyp.trn.dtl
1,yelled,yard,j-rea1-m2_hyp.trn.dtl
2,cinders,singers,j-rea1-m3_hyp.trn.dtl
1,a,the,j-rea1-m3_hyp.trn.dtl
1,all,hold,j-rea1-m3_hyp.trn.dtl
1,and,liam,j-rea1-m3_hyp.trn.dtl
1,and,libya,j-rea1-m3_hyp.trn.dtl
1,arrived,arrives,j-rea1-m3_hyp.trn.dtl
1,at,in,j-rea1-m3_hyp.trn.dtl
1,at,share,j-rea1-m3_hyp.trn.dtl
1,ball,boom,j-rea1-m3_hyp.trn.dtl
1,ball,bull,j-rea1-m3_hyp.trn.dtl
1,ball,royal,j-rea1-m3_hyp.trn.dtl
1,buying,a,j-rea1-m3_hyp.trn.dtl
1,cinders,in,j-rea1-m3_hyp.trn.dtl
1,clothes,up,j-rea1-m3_hyp.trn.dtl
1,divine,pence,j-rea1-m3_hyp.trn.dtl
1,dreamt,jumped,j-rea1-m3_hyp.trn.dtl
1,dreamt,off,j-rea1-m3_hyp.trn.dtl
1,gowns,counts,j-rea1-m3_hyp.trn.dtl
1,gowns,gun,j-rea1-m3_hyp.trn.dtl
1,had,there,j-rea1-m3_hyp.trn.dtl
1,hairpins,happens,j-rea1-m3_hyp.trn.dtl
1,her,is,j-rea1-m3_hyp.trn.dtl
1,howled,healthier,j-rea1-m3_hyp.trn.dtl
1,in,been,j-rea1-m3_hyp.trn.dtl
1,lived,led,j-rea1-m3_hyp.trn.dtl
1,mood,move,j-rea1-m3_hyp.trn.dtl
1,mother,mothers,j-rea1-m3_hyp.trn.dtl
1,of,the,j-rea1-m3_hyp.trn.dtl
1,once,that's,j-rea1-m3_hyp.trn.dtl
1,other,of,j-rea1-m3_hyp.trn.dtl
1,prince,with,j-rea1-m3_hyp.trn.dtl
1,queen's,the,j-rea1-m3_hyp.trn.dtl
1,rosa,most,j-rea1-m3_hyp.trn.dtl
1,rosa,was,j-rea1-m3_hyp.trn.dtl
1,sisters,just,j-rea1-m3_hyp.trn.dtl
1,son,song,j-rea1-m3_hyp.trn.dtl
1,stepsisters,sisters,j-rea1-m3_hyp.trn.dtl
1,the,boom,j-rea1-m3_hyp.trn.dtl
1,the,healthy,j-rea1-m3_hyp.trn.dtl
1,their,her,j-rea1-m3_hyp.trn.dtl
1,they,there,j-rea1-m3_hyp.trn.dtl
1,thought,fun,j-rea1-m3_hyp.trn.dtl
1,wall,to,j-rea1-m3_hyp.trn.dtl
1,were,have,j-rea1-m3_hyp.trn.dtl
1,were,my,j-rea1-m3_hyp.trn.dtl
1,were,uh,j-rea1-m3_hyp.trn.dtl
1,william,him,j-rea1-m3_hyp.trn.dtl
2,cinders,is,j-rea1-m4_hyp.trn.dtl
1,a,it,j-rea1-m4_hyp.trn.dtl
1,all,only,j-rea1-m4_hyp.trn.dtl
1,all,where,j-rea1-m4_hyp.trn.dtl
1,and,happens,j-rea1-m4_hyp.trn.dtl
1,and,lillian,j-rea1-m4_hyp.trn.dtl
1,and,rose,j-rea1-m4_hyp.trn.dtl
1,and,was,j-rea1-m4_hyp.trn.dtl
1,ball,bull,j-rea1-m4_hyp.trn.dtl
1,bride,right,j-rea1-m4_hyp.trn.dtl
1,called,calls,j-rea1-m4_hyp.trn.dtl
1,cinders,sanders,j-rea1-m4_hyp.trn.dtl
1,cinders,this,j-rea1-m4_hyp.trn.dtl
1,gowns,guns,j-rea1-m4_hyp.trn.dtl
1,had,set,j-rea1-m4_hyp.trn.dtl
1,hairbrushes,hair,j-rea1-m4_hyp.trn.dtl
1,hairpins,brushes,j-rea1-m4_hyp.trn.dtl
1,her,as,j-rea1-m4_hyp.trn.dtl
1,howled,how,j-rea1-m4_hyp.trn.dtl
1,lily,lillian,j-rea1-m4_hyp.trn.dtl
1,lily,this,j-rea1-m4_hyp.trn.dtl
1,lived,left,j-rea1-m4_hyp.trn.dtl
1,poor,posing,j-rea1-m4_hyp.trn.dtl
1,rosa,a,j-rea1-m4_hyp.trn.dtl
1,rosa,i,j-rea1-m4_hyp.trn.dtl
1,spent,been,j-rea1-m4_hyp.trn.dtl
1,stepsisters,sisters,j-rea1-m4_hyp.trn.dtl
1,their,a,j-rea1-m4_hyp.trn.dtl
1,their,the,j-rea1-m4_hyp.trn.dtl
1,they,a,j-rea1-m4_hyp.trn.dtl
1,they,it's,j-rea1-m4_hyp.trn.dtl
1,thought,divine,j-rea1-m4_hyp.trn.dtl
3,lea,leah,j-rea1-m5_hyp.trn.dtl
2,ball,bull,j-rea1-m5_hyp.trn.dtl
1,and,his,j-rea1-m5_hyp.trn.dtl
1,called,seen,j-rea1-m5_hyp.trn.dtl
1,cinderella,developed,j-rea1-m5_hyp.trn.dtl
1,gowns,guns,j-rea1-m5_hyp.trn.dtl
1,hairbrushes,happened,j-rea1-m5_hyp.trn.dtl
1,hairpins,on,j-rea1-m5_hyp.trn.dtl
1,hairspray,trail,j-rea1-m5_hyp.trn.dtl
1,lived,left,j-rea1-m5_hyp.trn.dtl
1,or,for,j-rea1-m5_hyp.trn.dtl
1,rosa,rose,j-rea1-m5_hyp.trn.dtl
1,royal,road,j-rea1-m5_hyp.trn.dtl
1,spent,spend,j-rea1-m5_hyp.trn.dtl
1,stepsisters,sisters,j-rea1-m5_hyp.trn.dtl
1,they'd,they,j-rea1-m5_hyp.trn.dtl
1,were,we're,j-rea1-m5_hyp.trn.dtl
1,yelled,old,j-rea1-m5_hyp.trn.dtl
1,yelled,yeah,j-rea1-m5_hyp.trn.dtl
2,and,lillian,l-rea1-f1_hyp.trn.dtl
1,a,the,l-rea1-f1_hyp.trn.dtl
1,and,in,l-rea1-f1_hyp.trn.dtl
1,and,rose,l-rea1-f1_hyp.trn.dtl
1,but,for,l-rea1-f1_hyp.trn.dtl
1,buying,buy,l-rea1-f1_hyp.trn.dtl
1,cinders,as,l-rea1-f1_hyp.trn.dtl
1,cinders,passengers,l-rea1-f1_hyp.trn.dtl
1,hairpins,happens,l-rea1-f1_hyp.trn.dtl
1,hat,heart,l-rea1-f1_hyp.trn.dtl
1,her,the,l-rea1-f1_hyp.trn.dtl
1,howled,held,l-rea1-f1_hyp.trn.dtl
1,jewels,goals,l-rea1-f1_hyp.trn.dtl
1,lily,lillian,l-rea1-f1_hyp.trn.dtl
1,mother,mothers,l-rea1-f1_hyp.trn.dtl
1,rosa,i,l-rea1-f1_hyp.trn.dtl
1,stepsisters,sisters,l-rea1-f1_hyp.trn.dtl
1,they,i,l-rea1-f1_hyp.trn.dtl
1,they'd,they,l-rea1-f1_hyp.trn.dtl
1,would,board,l-rea1-f1_hyp.trn.dtl
1,a,the,l-rea1-f2_hyp.trn.dtl
1,at,in,l-rea1-f2_hyp.trn.dtl
1,bad,bulb,l-rea1-f2_hyp.trn.dtl
1,cinders,passengers,l-rea1-f2_hyp.trn.dtl
1,find,by,l-rea1-f2_hyp.trn.dtl
1,howled,held,l-rea1-f2_hyp.trn.dtl
1,they'd,had,l-rea1-f2_hyp.trn.dtl
2,and,lillian,l-rea1-f3_hyp.trn.dtl
1,a,answer,l-rea1-f3_hyp.trn.dtl
1,and,rose,l-rea1-f3_hyp.trn.dtl
1,announce,an,l-rea1-f3_hyp.trn.dtl
1,buying,buy,l-rea1-f3_hyp.trn.dtl
1,lily,lillian,l-rea1-f3_hyp.trn.dtl
1,rosa,i,l-rea1-f3_hyp.trn.dtl
1,rosa,rose,l-rea1-f3_hyp.trn.dtl
1,stepsisters,sisters,l-rea1-f3_hyp.trn.dtl
1,they'd,had,l-rea1-f3_hyp.trn.dtl
1,would,will,l-rea1-f3_hyp.trn.dtl
2,and,lillian,l-rea1-f5_hyp.trn.dtl
1,going,go,l-rea1-f5_hyp.trn.dtl
1,got,go,l-rea1-f5_hyp.trn.dtl
1,hairspray,spring,l-rea1-f5_hyp.trn.dtl
1,howled,how,l-rea1-f5_hyp.trn.dtl
1,to,into,l-rea1-f5_hyp.trn.dtl
1,and,lillian,l-rea1-f6_hyp.trn.dtl
1,and,rose,l-rea1-f6_hyp.trn.dtl
1,cinders,passengers,l-rea1-f6_hyp.trn.dtl
1,gowns,ground,l-rea1-f6_hyp.trn.dtl
1,honour,one,l-rea1-f6_hyp.trn.dtl
1,howled,held,l-rea1-f6_hyp.trn.dtl
1,lily,lillian,l-rea1-f6_hyp.trn.dtl
1,rosa,i,l-rea1-f6_hyp.trn.dtl
1,rosa,rose,l-rea1-f6_hyp.trn.dtl
1,she,to,l-rea1-f6_hyp.trn.dtl
1,started,south,l-rea1-f6_hyp.trn.dtl
1,stepsisters,sisters,l-rea1-f6_hyp.trn.dtl
1,they,the,l-rea1-f6_hyp.trn.dtl
1,they'd,they,l-rea1-f6_hyp.trn.dtl
1,would,will,l-rea1-f6_hyp.trn.dtl
2,cinders,singers,l-rea1-m1_hyp.trn.dtl
1,and,liliom,l-rea1-m1_hyp.trn.dtl
1,and,lillian,l-rea1-m1_hyp.trn.dtl
1,cinder,cinda,l-rea1-m1_hyp.trn.dtl
1,hairbrushes,brushes,l-rea1-m1_hyp.trn.dtl
1,hairpins,happens,l-rea1-m1_hyp.trn.dtl
1,howled,all,l-rea1-m1_hyp.trn.dtl
1,lazy,laser,l-rea1-m1_hyp.trn.dtl
1,stepsisters,is,l-rea1-m1_hyp.trn.dtl
1,they,it,l-rea1-m1_hyp.trn.dtl
1,they'd,they,l-rea1-m1_hyp.trn.dtl
1,were,or,l-rea1-m1_hyp.trn.dtl
1,would,will,l-rea1-m1_hyp.trn.dtl
2,gowns,grounds,l-rea1-m2_hyp.trn.dtl
1,a,the,l-rea1-m2_hyp.trn.dtl
1,and,in,l-rea1-m2_hyp.trn.dtl
1,and,lillian,l-rea1-m2_hyp.trn.dtl
1,and,rose,l-rea1-m2_hyp.trn.dtl
1,but,what,l-rea1-m2_hyp.trn.dtl
1,buying,buy,l-rea1-m2_hyp.trn.dtl
1,cinders,as,l-rea1-m2_hyp.trn.dtl
1,cinders,has,l-rea1-m2_hyp.trn.dtl
1,cinders,passengers,l-rea1-m2_hyp.trn.dtl
1,hairbrushes,brushes,l-rea1-m2_hyp.trn.dtl
1,hairpins,happens,l-rea1-m2_hyp.trn.dtl
1,howled,held,l-rea1-m2_hyp.trn.dtl
1,jewels,george,l-rea1-m2_hyp.trn.dtl
1,lily,lillian,l-rea1-m2_hyp.trn.dtl
1,ma,into,l-rea1-m2_hyp.trn.dtl
1,mother,mothers,l-rea1-m2_hyp.trn.dtl
1,rosa,i,l-rea1-m2_hyp.trn.dtl
1,rosa,rose,l-rea1-m2_hyp.trn.dtl
1,stepsisters,sisters,l-rea1-m2_hyp.trn.dtl
1,their,that,l-rea1-m2_hyp.trn.dtl
1,they'd,they,l-rea1-m2_hyp.trn.dtl
1,to,go,l-rea1-m2_hyp.trn.dtl
2,and,lillian,l-rea1-m3_hyp.trn.dtl
2,their,the,l-rea1-m3_hyp.trn.dtl
1,and,rose,l-rea1-m3_hyp.trn.dtl
1,at,of,l-rea1-m3_hyp.trn.dtl
1,be,bowler,l-rea1-m3_hyp.trn.dtl
1,cinders,has,l-rea1-m3_hyp.trn.dtl
1,held,beheld,l-rea1-m3_hyp.trn.dtl
1,her,a,l-rea1-m3_hyp.trn.dtl
1,her,his,l-rea1-m3_hyp.trn.dtl
1,howled,holding,l-rea1-m3_hyp.trn.dtl
1,lily,lillian,l-rea1-m3_hyp.trn.dtl
1,old,own,l-rea1-m3_hyp.trn.dtl
1,poor,posted,l-rea1-m3_hyp.trn.dtl
1,rosa,i,l-rea1-m3_hyp.trn.dtl
1,rosa,rose,l-rea1-m3_hyp.trn.dtl
1,started,starts,l-rea1-m3_hyp.trn.dtl
1,stepsisters,sisters,l-rea1-m3_hyp.trn.dtl
1,the,a,l-rea1-m3_hyp.trn.dtl
1,they,the,l-rea1-m3_hyp.trn.dtl
1,they'd,they,l-rea1-m3_hyp.trn.dtl
1,was,is,l-rea1-m3_hyp.trn.dtl
1,were,they're,l-rea1-m3_hyp.trn.dtl
1,yelled,old,l-rea1-m3_hyp.trn.dtl
1,a,the,l-rea1-m4_hyp.trn.dtl
1,and,in,l-rea1-m4_hyp.trn.dtl
1,and,lillian,l-rea1-m4_hyp.trn.dtl
1,and,rose,l-rea1-m4_hyp.trn.dtl
1,cinders,passengers,l-rea1-m4_hyp.trn.dtl
1,cinders,singers,l-rea1-m4_hyp.trn.dtl
1,going,go,l-rea1-m4_hyp.trn.dtl
1,hairpins,happens,l-rea1-m4_hyp.trn.dtl
1,howled,held,l-rea1-m4_hyp.trn.dtl
1,lily,lillian,l-rea1-m4_hyp.trn.dtl
1,rosa,i,l-rea1-m4_hyp.trn.dtl
1,stepsisters,sisters,l-rea1-m4_hyp.trn.dtl
1,their,that,l-rea1-m4_hyp.trn.dtl
1,their,the,l-rea1-m4_hyp.trn.dtl
1,they'd,they,l-rea1-m4_hyp.trn.dtl
1,to,into,l-rea1-m4_hyp.trn.dtl
1,a,the,l-rea1-m5_hyp.trn.dtl
1,and,rose,l-rea1-m5_hyp.trn.dtl
1,buying,buy,l-rea1-m5_hyp.trn.dtl
1,cinders,sends,l-rea1-m5_hyp.trn.dtl
1,cinders,since,l-rea1-m5_hyp.trn.dtl
1,girls,gills,l-rea1-m5_hyp.trn.dtl
1,gowns,counts,l-rea1-m5_hyp.trn.dtl
1,had,her,l-rea1-m5_hyp.trn.dtl
1,her,the,l-rea1-m5_hyp.trn.dtl
1,how,hold,l-rea1-m5_hyp.trn.dtl
1,howled,hold,l-rea1-m5_hyp.trn.dtl
1,lily,lillian,l-rea1-m5_hyp.trn.dtl
1,lived,left,l-rea1-m5_hyp.trn.dtl
1,poor,paul,l-rea1-m5_hyp.trn.dtl
1,rosa,i,l-rea1-m5_hyp.trn.dtl
1,royal,raw,l-rea1-m5_hyp.trn.dtl
1,spent,spend,l-rea1-m5_hyp.trn.dtl
1,stepsisters,sisters,l-rea1-m5_hyp.trn.dtl
1,they'd,they,l-rea1-m5_hyp.trn.dtl
1,would,will,l-rea1-m5_hyp.trn.dtl
1,and,lillian,l-rea1-m6_hyp.trn.dtl
1,and,limb,l-rea1-m6_hyp.trn.dtl
1,and,rose,l-rea1-m6_hyp.trn.dtl
1,ball,bowl,l-rea1-m6_hyp.trn.dtl
1,buying,by,l-rea1-m6_hyp.trn.dtl
1,cinders,parsons,l-rea1-m6_hyp.trn.dtl
1,hairspray,break,l-rea1-m6_hyp.trn.dtl
1,hat,heart,l-rea1-m6_hyp.trn.dtl
1,help,hotel,l-rea1-m6_hyp.trn.dtl
1,her,per,l-rea1-m6_hyp.trn.dtl
1,her,the,l-rea1-m6_hyp.trn.dtl
1,howled,hold,l-rea1-m6_hyp.trn.dtl
1,lily,lillian,l-rea1-m6_hyp.trn.dtl
1,lily,the,l-rea1-m6_hyp.trn.dtl
1,only,his,l-rea1-m6_hyp.trn.dtl
1,queen's,and,l-rea1-m6_hyp.trn.dtl
1,rosa,i,l-rea1-m6_hyp.trn.dtl
1,rosa,rose,l-rea1-m6_hyp.trn.dtl
1,their,the,l-rea1-m6_hyp.trn.dtl
1,they'd,they,l-rea1-m6_hyp.trn.dtl
1,were,they're,l-rea1-m6_hyp.trn.dtl
1,would,will,l-rea1-m6_hyp.trn.dtl
2,and,lillian,liv-rea1-f1_hyp.trn.dtl
1,buying,buy,liv-rea1-f1_hyp.trn.dtl
1,cinders,singers,liv-rea1-f1_hyp.trn.dtl
1,hand,hamp,liv-rea1-f1_hyp.trn.dtl
1,her,the,liv-rea1-f1_hyp.trn.dtl
1,her,their,liv-rea1-f1_hyp.trn.dtl
1,how,held,liv-rea1-f1_hyp.trn.dtl
1,howled,held,liv-rea1-f1_hyp.trn.dtl
1,rosa,rose,liv-rea1-f1_hyp.trn.dtl
1,stepsisters,sisters,liv-rea1-f1_hyp.trn.dtl
1,they'd,they,liv-rea1-f1_hyp.trn.dtl
1,would,will,liv-rea1-f1_hyp.trn.dtl
2,a,the,liv-rea1-f2_hyp.trn.dtl
2,cinders,singers,liv-rea1-f2_hyp.trn.dtl
2,find,fire,liv-rea1-f2_hyp.trn.dtl
2,her,his,liv-rea1-f2_hyp.trn.dtl
1,and,rose,liv-rea1-f2_hyp.trn.dtl
1,at,as,liv-rea1-f2_hyp.trn.dtl
1,bride,bread,liv-rea1-f2_hyp.trn.dtl
1,buying,bang,liv-rea1-f2_hyp.trn.dtl
1,cinders,has,liv-rea1-f2_hyp.trn.dtl
1,cleaning,and,liv-rea1-f2_hyp.trn.dtl
1,divine,driven,liv-rea1-f2_hyp.trn.dtl
1,hat,has,liv-rea1-f2_hyp.trn.dtl
1,her,him,liv-rea1-f2_hyp.trn.dtl
1,howled,held,liv-rea1-f2_hyp.trn.dtl
1,lily,lillian,liv-rea1-f2_hyp.trn.dtl
1,mum,one,liv-rea1-f2_hyp.trn.dtl
1,rosa,have,liv-rea1-f2_hyp.trn.dtl
1,rosa,that,liv-rea1-f2_hyp.trn.dtl
1,stepsisters,sisters,liv-rea1-f2_hyp.trn.dtl
1,their,here,liv-rea1-f2_hyp.trn.dtl
1,they'd,had,liv-rea1-f2_hyp.trn.dtl
1,wear,wait,liv-rea1-f2_hyp.trn.dtl
1,would,will,liv-rea1-f2_hyp.trn.dtl
2,and,lillian,liv-rea1-f3_hyp.trn.dtl
1,a,the,liv-rea1-f3_hyp.trn.dtl
1,cinders,centres,liv-rea1-f3_hyp.trn.dtl
1,downs,dance,liv-rea1-f3_hyp.trn.dtl
1,had,porcine,liv-rea1-f3_hyp.trn.dtl
1,had,up,liv-rea1-f3_hyp.trn.dtl
1,hat,health,liv-rea1-f3_hyp.trn.dtl
1,howled,health,liv-rea1-f3_hyp.trn.dtl
1,rosa,rose,liv-rea1-f3_hyp.trn.dtl
1,to,data,liv-rea1-f3_hyp.trn.dtl
1,wear,weight,liv-rea1-f3_hyp.trn.dtl
1,would,will,liv-rea1-f3_hyp.trn.dtl
2,and,lillian,liv-rea1-f4_hyp.trn.dtl
2,me,family,liv-rea1-f4_hyp.trn.dtl
1,a,the,liv-rea1-f4_hyp.trn.dtl
1,and,rose,liv-rea1-f4_hyp.trn.dtl
1,at,in,liv-rea1-f4_hyp.trn.dtl
1,downs,dance,liv-rea1-f4_hyp.trn.dtl
1,had,hadn't,liv-rea1-f4_hyp.trn.dtl
1,hairspray,bright,liv-rea1-f4_hyp.trn.dtl
1,her,his,liv-rea1-f4_hyp.trn.dtl
1,howled,i'll,liv-rea1-f4_hyp.trn.dtl
1,in,at,liv-rea1-f4_hyp.trn.dtl
1,lily,lillian,liv-rea1-f4_hyp.trn.dtl
1,mother,over,liv-rea1-f4_hyp.trn.dtl
1,other,that,liv-rea1-f4_hyp.trn.dtl
1,queen's,queens,liv-rea1-f4_hyp.trn.dtl
1,rosa,i,liv-rea1-f4_hyp.trn.dtl
1,rosa,rose,liv-rea1-f4_hyp.trn.dtl
1,said,shared,liv-rea1-f4_hyp.trn.dtl
1,stepsisters,sisters,liv-rea1-f4_hyp.trn.dtl
1,the,do,liv-rea1-f4_hyp.trn.dtl
1,their,the,liv-rea1-f4_hyp.trn.dtl
1,their,them,liv-rea1-f4_hyp.trn.dtl
1,they'd,had,liv-rea1-f4_hyp.trn.dtl
1,would,will,liv-rea1-f4_hyp.trn.dtl
2,and,lillian,liv-rea1-f5_hyp.trn.dtl
2,her,their,liv-rea1-f5_hyp.trn.dtl
1,a,the,liv-rea1-f5_hyp.trn.dtl
1,and,in,liv-rea1-f5_hyp.trn.dtl
1,and,rose,liv-rea1-f5_hyp.trn.dtl
1,at,send,liv-rea1-f5_hyp.trn.dtl
1,but,so,liv-rea1-f5_hyp.trn.dtl
1,cind,it,liv-rea1-f5_hyp.trn.dtl
1,cinders,in,liv-rea1-f5_hyp.trn.dtl
1,cinders,send,liv-rea1-f5_hyp.trn.dtl
1,cinders,sends,liv-rea1-f5_hyp.trn.dtl
1,cinders,us,liv-rea1-f5_hyp.trn.dtl
1,gown,girl,liv-rea1-f5_hyp.trn.dtl
1,gowns,grounds,liv-rea1-f5_hyp.trn.dtl
1,had,aside,liv-rea1-f5_hyp.trn.dtl
1,had,has,liv-rea1-f5_hyp.trn.dtl
1,had,such,liv-rea1-f5_hyp.trn.dtl
1,her,your,liv-rea1-f5_hyp.trn.dtl
1,howled,how,liv-rea1-f5_hyp.trn.dtl
1,lily,lillian,liv-rea1-f5_hyp.trn.dtl
1,poor,boss,liv-rea1-f5_hyp.trn.dtl
1,rosa,i,liv-rea1-f5_hyp.trn.dtl
1,rosa,rose,liv-rea1-f5_hyp.trn.dtl
1,stepsisters,sisters,liv-rea1-f5_hyp.trn.dtl
1,their,that,liv-rea1-f5_hyp.trn.dtl
1,their,the,liv-rea1-f5_hyp.trn.dtl
1,they,the,liv-rea1-f5_hyp.trn.dtl
1,they'd,they,liv-rea1-f5_hyp.trn.dtl
1,this,it,liv-rea1-f5_hyp.trn.dtl
1,to,a,liv-rea1-f5_hyp.trn.dtl
1,unfriendly,friendly,liv-rea1-f5_hyp.trn.dtl
1,very,on,liv-rea1-f5_hyp.trn.dtl
1,wanted,wants,liv-rea1-f5_hyp.trn.dtl
1,wear,way,liv-rea1-f5_hyp.trn.dtl
1,would,will,liv-rea1-f5_hyp.trn.dtl
2,and,lillian,liv-rea1-f6_hyp.trn.dtl
2,find,by,liv-rea1-f6_hyp.trn.dtl
1,a,the,liv-rea1-f6_hyp.trn.dtl
1,and,rose,liv-rea1-f6_hyp.trn.dtl
1,arrived,around,liv-rea1-f6_hyp.trn.dtl
1,cinders,passengers,liv-rea1-f6_hyp.trn.dtl
1,cinders,since,liv-rea1-f6_hyp.trn.dtl
1,everybody,integrity,liv-rea1-f6_hyp.trn.dtl
1,gowns,guns,liv-rea1-f6_hyp.trn.dtl
1,her,the,liv-rea1-f6_hyp.trn.dtl
1,lily,lillian,liv-rea1-f6_hyp.trn.dtl
1,rosa,i,liv-rea1-f6_hyp.trn.dtl
1,rosa,rose,liv-rea1-f6_hyp.trn.dtl
1,stepsisters,sisters,liv-rea1-f6_hyp.trn.dtl
1,their,the,liv-rea1-f6_hyp.trn.dtl
1,they'd,they,liv-rea1-f6_hyp.trn.dtl
1,when,but,liv-rea1-f6_hyp.trn.dtl
1,would,will,liv-rea1-f6_hyp.trn.dtl
1,yelled,all,liv-rea1-f6_hyp.trn.dtl
1,yelled,held,liv-rea1-f6_hyp.trn.dtl
1,a,answer,liv-rea1-f7_hyp.trn.dtl
1,and,rose,liv-rea1-f7_hyp.trn.dtl
1,announce,an,liv-rea1-f7_hyp.trn.dtl
1,bride,brad,liv-rea1-f7_hyp.trn.dtl
1,cinders,passengers,liv-rea1-f7_hyp.trn.dtl
1,downs,dams,liv-rea1-f7_hyp.trn.dtl
1,find,fired,liv-rea1-f7_hyp.trn.dtl
1,find,found,liv-rea1-f7_hyp.trn.dtl
1,girl,gale,liv-rea1-f7_hyp.trn.dtl
1,howled,how,liv-rea1-f7_hyp.trn.dtl
1,lily,lillian,liv-rea1-f7_hyp.trn.dtl
1,me,hamdi,liv-rea1-f7_hyp.trn.dtl
1,rosa,i,liv-rea1-f7_hyp.trn.dtl
1,royal,real,liv-rea1-f7_hyp.trn.dtl
1,so,until,liv-rea1-f7_hyp.trn.dtl
1,stepsisters,sisters,liv-rea1-f7_hyp.trn.dtl
1,they'd,had,liv-rea1-f7_hyp.trn.dtl
1,time,town,liv-rea1-f7_hyp.trn.dtl
1,when,in,liv-rea1-f7_hyp.trn.dtl
1,would,will,liv-rea1-f7_hyp.trn.dtl
2,and,lillian,liv-rea1-m1_hyp.trn.dtl
2,cinders,passengers,liv-rea1-m1_hyp.trn.dtl
1,a,that,liv-rea1-m1_hyp.trn.dtl
1,a,the,liv-rea1-m1_hyp.trn.dtl
1,and,rose,liv-rea1-m1_hyp.trn.dtl
1,bride,bread,liv-rea1-m1_hyp.trn.dtl
1,cinderella,letter,liv-rea1-m1_hyp.trn.dtl
1,cinders,cinda,liv-rea1-m1_hyp.trn.dtl
1,cinders,singers,liv-rea1-m1_hyp.trn.dtl
1,cinders,us,liv-rea1-m1_hyp.trn.dtl
1,gowns,grounds,liv-rea1-m1_hyp.trn.dtl
1,hair,and,liv-rea1-m1_hyp.trn.dtl
1,hairpins,happens,liv-rea1-m1_hyp.trn.dtl
1,hairspray,hairsprays,liv-rea1-m1_hyp.trn.dtl
1,hand,their,liv-rea1-m1_hyp.trn.dtl
1,her,all,liv-rea1-m1_hyp.trn.dtl
1,her,his,liv-rea1-m1_hyp.trn.dtl
1,her,the,liv-rea1-m1_hyp.trn.dtl
1,howled,hard,liv-rea1-m1_hyp.trn.dtl
1,jewels,juice,liv-rea1-m1_hyp.trn.dtl
1,lily,lillian,liv-rea1-m1_hyp.trn.dtl
1,lived,live,liv-rea1-m1_hyp.trn.dtl
1,mother,that,liv-rea1-m1_hyp.trn.dtl
1,of,the,liv-rea1-m1_hyp.trn.dtl
1,one,to,liv-rea1-m1_hyp.trn.dtl
1,rosa,a,liv-rea1-m1_hyp.trn.dtl
1,rosa,rose,liv-rea1-m1_hyp.trn.dtl
1,royal,real,liv-rea1-m1_hyp.trn.dtl
1,they'd,they,liv-rea1-m1_hyp.trn.dtl
1,would,will,liv-rea1-m1_hyp.trn.dtl
2,a,the,liv-rea1-m2_hyp.trn.dtl
2,cinders,singers,liv-rea1-m2_hyp.trn.dtl
1,and,in,liv-rea1-m2_hyp.trn.dtl
1,and,rose,liv-rea1-m2_hyp.trn.dtl
1,bride,bread,liv-rea1-m2_hyp.trn.dtl
1,gowns,grounds,liv-rea1-m2_hyp.trn.dtl
1,gowns,guns,liv-rea1-m2_hyp.trn.dtl
1,had,have,liv-rea1-m2_hyp.trn.dtl
1,hairpins,happens,liv-rea1-m2_hyp.trn.dtl
1,hat,hold,liv-rea1-m2_hyp.trn.dtl
1,her,here,liv-rea1-m2_hyp.trn.dtl
1,her,his,liv-rea1-m2_hyp.trn.dtl
1,howled,you,liv-rea1-m2_hyp.trn.dtl
1,lily,lillian,liv-rea1-m2_hyp.trn.dtl
1,mother,over,liv-rea1-m2_hyp.trn.dtl
1,other,if,liv-rea1-m2_hyp.trn.dtl
1,rosa,of,liv-rea1-m2_hyp.trn.dtl
1,shouting,chanting,liv-rea1-m2_hyp.trn.dtl
1,stepsisters,sisters,liv-rea1-m2_hyp.trn.dtl
1,the,one,liv-rea1-m2_hyp.trn.dtl
1,the,over,liv-rea1-m2_hyp.trn.dtl
1,their,them,liv-rea1-m2_hyp.trn.dtl
1,they,he,liv-rea1-m2_hyp.trn.dtl
1,they,very,liv-rea1-m2_hyp.trn.dtl
1,they,we,liv-rea1-m2_hyp.trn.dtl
1,they'd,they,liv-rea1-m2_hyp.trn.dtl
1,thought,fort,liv-rea1-m2_hyp.trn.dtl
1,were,we're,liv-rea1-m2_hyp.trn.dtl
1,would,will,liv-rea1-m2_hyp.trn.dtl
2,cinders,this,liv-rea1-m3_hyp.trn.dtl
1,a,the,liv-rea1-m3_hyp.trn.dtl
1,and,lillian,liv-rea1-m3_hyp.trn.dtl
1,and,rose,liv-rea1-m3_hyp.trn.dtl
1,arrived,polarising,liv-rea1-m3_hyp.trn.dtl
1,at,that,liv-rea1-m3_hyp.trn.dtl
1,hat,hat's,liv-rea1-m3_hyp.trn.dtl
1,her,assist,liv-rea1-m3_hyp.trn.dtl
1,her,hey,liv-rea1-m3_hyp.trn.dtl
1,her,their,liv-rea1-m3_hyp.trn.dtl
1,howled,how,liv-rea1-m3_hyp.trn.dtl
1,lily,lillian,liv-rea1-m3_hyp.trn.dtl
1,lily,rosie,liv-rea1-m3_hyp.trn.dtl
1,me,family,liv-rea1-m3_hyp.trn.dtl
1,of,under,liv-rea1-m3_hyp.trn.dtl
1,poor,pausing,liv-rea1-m3_hyp.trn.dtl
1,rosa,i,liv-rea1-m3_hyp.trn.dtl
1,rosa,rose,liv-rea1-m3_hyp.trn.dtl
1,sister,to,liv-rea1-m3_hyp.trn.dtl
1,stepsisters,sisters,liv-rea1-m3_hyp.trn.dtl
1,their,the,liv-rea1-m3_hyp.trn.dtl
1,would,will,liv-rea1-m3_hyp.trn.dtl
2,her,their,liv-rea1-m4_hyp.trn.dtl
2,would,will,liv-rea1-m4_hyp.trn.dtl
1,a,the,liv-rea1-m4_hyp.trn.dtl
1,and,rose,liv-rea1-m4_hyp.trn.dtl
1,cinders,sanders,liv-rea1-m4_hyp.trn.dtl
1,cinders,singers,liv-rea1-m4_hyp.trn.dtl
1,her,his,liv-rea1-m4_hyp.trn.dtl
1,honour,none,liv-rea1-m4_hyp.trn.dtl
1,howled,heart,liv-rea1-m4_hyp.trn.dtl
1,lily,lillian,liv-rea1-m4_hyp.trn.dtl
1,lived,live,liv-rea1-m4_hyp.trn.dtl
1,other,there,liv-rea1-m4_hyp.trn.dtl
1,pal,palace,liv-rea1-m4_hyp.trn.dtl
1,rosa,i,liv-rea1-m4_hyp.trn.dtl
1,rosa,rossi,liv-rea1-m4_hyp.trn.dtl
1,rosa,russia,liv-rea1-m4_hyp.trn.dtl
1,stepsisters,sisters,liv-rea1-m4_hyp.trn.dtl
1,the,you're,liv-rea1-m4_hyp.trn.dtl
1,when,on,liv-rea1-m4_hyp.trn.dtl
2,and,lillian,liv-rea1-m5_hyp.trn.dtl
2,her,his,liv-rea1-m5_hyp.trn.dtl
1,a,the,liv-rea1-m5_hyp.trn.dtl
1,and,rose,liv-rea1-m5_hyp.trn.dtl
1,buying,by,liv-rea1-m5_hyp.trn.dtl
1,cinders,singers,liv-rea1-m5_hyp.trn.dtl
1,cinders,this,liv-rea1-m5_hyp.trn.dtl
1,downs,down,liv-rea1-m5_hyp.trn.dtl
1,gowns,guns,liv-rea1-m5_hyp.trn.dtl
1,howled,hold,liv-rea1-m5_hyp.trn.dtl
1,lily,lillian,liv-rea1-m5_hyp.trn.dtl
1,one,on,liv-rea1-m5_hyp.trn.dtl
1,poor,passing,liv-rea1-m5_hyp.trn.dtl
1,rosa,his,liv-rea1-m5_hyp.trn.dtl
1,rosa,rose,liv-rea1-m5_hyp.trn.dtl
1,their,the,liv-rea1-m5_hyp.trn.dtl
1,they'd,they,liv-rea1-m5_hyp.trn.dtl
1,thought,thoughts,liv-rea1-m5_hyp.trn.dtl
1,would,will,liv-rea1-m5_hyp.trn.dtl
1,a,the,n-rea1-f1_hyp.trn.dtl
1,and,in,n-rea1-f1_hyp.trn.dtl
1,and,lillian,n-rea1-f1_hyp.trn.dtl
1,and,was,n-rea1-f1_hyp.trn.dtl
1,cinders,does,n-rea1-f1_hyp.trn.dtl
1,cinders,prisoners,n-rea1-f1_hyp.trn.dtl
1,hairpins,happens,n-rea1-f1_hyp.trn.dtl
1,he,who,n-rea1-f1_hyp.trn.dtl
1,honour,one,n-rea1-f1_hyp.trn.dtl
1,howled,held,n-rea1-f1_hyp.trn.dtl
1,lily,lillian,n-rea1-f1_hyp.trn.dtl
1,rosa,i,n-rea1-f1_hyp.trn.dtl
1,royal,around,n-rea1-f1_hyp.trn.dtl
1,they'd,they,n-rea1-f1_hyp.trn.dtl
2,and,lillian,n-rea1-f2_hyp.trn.dtl
1,a,the,n-rea1-f2_hyp.trn.dtl
1,at,its,n-rea1-f2_hyp.trn.dtl
1,cinders,has,n-rea1-f2_hyp.trn.dtl
1,cinders,india's,n-rea1-f2_hyp.trn.dtl
1,cinders,singers,n-rea1-f2_hyp.trn.dtl
1,dreamed,dreams,n-rea1-f2_hyp.trn.dtl
1,gowns,guns,n-rea1-f2_hyp.trn.dtl
1,howled,held,n-rea1-f2_hyp.trn.dtl
1,poor,person,n-rea1-f2_hyp.trn.dtl
1,prin,hairpins,n-rea1-f2_hyp.trn.dtl
1,rosa,rose,n-rea1-f2_hyp.trn.dtl
1,shouting,with,n-rea1-f2_hyp.trn.dtl
1,started,shot,n-rea1-f2_hyp.trn.dtl
1,their,that,n-rea1-f2_hyp.trn.dtl
1,their,the,n-rea1-f2_hyp.trn.dtl
1,they,their,n-rea1-f2_hyp.trn.dtl
1,they,they'd,n-rea1-f2_hyp.trn.dtl
1,they'd,they,n-rea1-f2_hyp.trn.dtl
1,would,will,n-rea1-f2_hyp.trn.dtl
2,gowns,guns,n-rea1-f3_hyp.trn.dtl
1,a,the,n-rea1-f3_hyp.trn.dtl
1,and,lillian,n-rea1-f3_hyp.trn.dtl
1,and,rose,n-rea1-f3_hyp.trn.dtl
1,buying,buy,n-rea1-f3_hyp.trn.dtl
1,cinders,cindy's,n-rea1-f3_hyp.trn.dtl
1,cinders,passengers,n-rea1-f3_hyp.trn.dtl
1,hat,heart,n-rea1-f3_hyp.trn.dtl
1,help,helped,n-rea1-f3_hyp.trn.dtl
1,howled,held,n-rea1-f3_hyp.trn.dtl
1,lazy,easy,n-rea1-f3_hyp.trn.dtl
1,lily,lillian,n-rea1-f3_hyp.trn.dtl
1,mother,with,n-rea1-f3_hyp.trn.dtl
1,old,levelled,n-rea1-f3_hyp.trn.dtl
1,rosa,i,n-rea1-f3_hyp.trn.dtl
1,royal,around,n-rea1-f3_hyp.trn.dtl
1,s,us,n-rea1-f3_hyp.trn.dtl
1,spent,spend,n-rea1-f3_hyp.trn.dtl
1,started,start,n-rea1-f3_hyp.trn.dtl
1,their,then,n-rea1-f3_hyp.trn.dtl
1,they,you,n-rea1-f3_hyp.trn.dtl
1,wanted,want,n-rea1-f3_hyp.trn.dtl
1,would,will,n-rea1-f3_hyp.trn.dtl
1,a,the,n-rea1-f4_hyp.trn.dtl
1,and,lillian,n-rea1-f4_hyp.trn.dtl
1,and,rose,n-rea1-f4_hyp.trn.dtl
1,at,send,n-rea1-f4_hyp.trn.dtl
1,bells,bears,n-rea1-f4_hyp.trn.dtl
1,bride,braid,n-rea1-f4_hyp.trn.dtl
1,cinders,passengers,n-rea1-f4_hyp.trn.dtl
1,cinders,singers,n-rea1-f4_hyp.trn.dtl
1,cinders,us,n-rea1-f4_hyp.trn.dtl
1,find,found,n-rea1-f4_hyp.trn.dtl
1,hairspray,spree,n-rea1-f4_hyp.trn.dtl
1,her,his,n-rea1-f4_hyp.trn.dtl
1,howled,held,n-rea1-f4_hyp.trn.dtl
1,in,ran,n-rea1-f4_hyp.trn.dtl
1,lily,lillian,n-rea1-f4_hyp.trn.dtl
1,messenger,mr,n-rea1-f4_hyp.trn.dtl
1,rosa,i,n-rea1-f4_hyp.trn.dtl
1,royal,around,n-rea1-f4_hyp.trn.dtl
1,start,this,n-rea1-f4_hyp.trn.dtl
1,they,the,n-rea1-f4_hyp.trn.dtl
1,they,through,n-rea1-f4_hyp.trn.dtl
1,yelled,shelled,n-rea1-f4_hyp.trn.dtl
2,and,was,n-rea1-f5_hyp.trn.dtl
2,lily,lillian,n-rea1-f5_hyp.trn.dtl
2,their,the,n-rea1-f5_hyp.trn.dtl
1,a,of,n-rea1-f5_hyp.trn.dtl
1,a,to,n-rea1-f5_hyp.trn.dtl
1,announce,known,n-rea1-f5_hyp.trn.dtl
1,buy,by,n-rea1-f5_hyp.trn.dtl
1,came,can't,n-rea1-f5_hyp.trn.dtl
1,cinders,sinners,n-rea1-f5_hyp.trn.dtl
1,cinders,soon,n-rea1-f5_hyp.trn.dtl
1,gowns,games,n-rea1-f5_hyp.trn.dtl
1,gowns,guns,n-rea1-f5_hyp.trn.dtl
1,had,as,n-rea1-f5_hyp.trn.dtl
1,has,help,n-rea1-f5_hyp.trn.dtl
1,helped,this,n-rea1-f5_hyp.trn.dtl
1,honour,one,n-rea1-f5_hyp.trn.dtl
1,howled,of,n-rea1-f5_hyp.trn.dtl
1,in,and,n-rea1-f5_hyp.trn.dtl
1,lived,live,n-rea1-f5_hyp.trn.dtl
1,new,your,n-rea1-f5_hyp.trn.dtl
1,rosa,i,n-rea1-f5_hyp.trn.dtl
1,rosa,they,n-rea1-f5_hyp.trn.dtl
1,royal,our,n-rea1-f5_hyp.trn.dtl
1,the,one,n-rea1-f5_hyp.trn.dtl
1,they'd,they,n-rea1-f5_hyp.trn.dtl
1,to,no,n-rea1-f5_hyp.trn.dtl
1,would,will,n-rea1-f5_hyp.trn.dtl
2,and,lillian,n-rea1-f6_hyp.trn.dtl
2,gowns,guns,n-rea1-f6_hyp.trn.dtl
1,a,deer,n-rea1-f6_hyp.trn.dtl
1,a,the,n-rea1-f6_hyp.trn.dtl
1,and,was,n-rea1-f6_hyp.trn.dtl
1,and,within,n-rea1-f6_hyp.trn.dtl
1,bride,bright,n-rea1-f6_hyp.trn.dtl
1,buying,buy,n-rea1-f6_hyp.trn.dtl
1,cinders,does,n-rea1-f6_hyp.trn.dtl
1,cinders,passengers,n-rea1-f6_hyp.trn.dtl
1,cinders,sanders,n-rea1-f6_hyp.trn.dtl
1,divine,vein,n-rea1-f6_hyp.trn.dtl
1,find,they,n-rea1-f6_hyp.trn.dtl
1,hairspray,e,n-rea1-f6_hyp.trn.dtl
1,howled,on,n-rea1-f6_hyp.trn.dtl
1,lily,lillian,n-rea1-f6_hyp.trn.dtl
1,mother,him,n-rea1-f6_hyp.trn.dtl
1,one,born,n-rea1-f6_hyp.trn.dtl
1,rosa,i,n-rea1-f6_hyp.trn.dtl
1,royal,wild,n-rea1-f6_hyp.trn.dtl
1,their,then,n-rea1-f6_hyp.trn.dtl
1,they,the,n-rea1-f6_hyp.trn.dtl
1,time,plantain,n-rea1-f6_hyp.trn.dtl
1,were,we're,n-rea1-f6_hyp.trn.dtl
1,would,will,n-rea1-f6_hyp.trn.dtl
2,cinders,cindy's,n-rea1-m1_hyp.trn.dtl
1,cinders,does,n-rea1-m1_hyp.trn.dtl
1,had,have,n-rea1-m1_hyp.trn.dtl
1,hat,heart,n-rea1-m1_hyp.trn.dtl
1,howled,how,n-rea1-m1_hyp.trn.dtl
1,old,will,n-rea1-m1_hyp.trn.dtl
1,poor,person,n-rea1-m1_hyp.trn.dtl
1,rosa,i,n-rea1-m1_hyp.trn.dtl
1,spent,spend,n-rea1-m1_hyp.trn.dtl
1,stepsisters,sisters,n-rea1-m1_hyp.trn.dtl
1,their,that,n-rea1-m1_hyp.trn.dtl
1,they'd,they,n-rea1-m1_hyp.trn.dtl
1,would,will,n-rea1-m1_hyp.trn.dtl
2,and,lillian,n-rea1-m2_hyp.trn.dtl
2,cinders,us,n-rea1-m2_hyp.trn.dtl
1,a,the,n-rea1-m2_hyp.trn.dtl
1,and,in,n-rea1-m2_hyp.trn.dtl
1,arrived,arrives,n-rea1-m2_hyp.trn.dtl
1,but,them,n-rea1-m2_hyp.trn.dtl
1,buying,buy,n-rea1-m2_hyp.trn.dtl
1,cinders,sendai's,n-rea1-m2_hyp.trn.dtl
1,cleaning,clean,n-rea1-m2_hyp.trn.dtl
1,day,deer,n-rea1-m2_hyp.trn.dtl
1,gowns,grounds,n-rea1-m2_hyp.trn.dtl
1,had,how,n-rea1-m2_hyp.trn.dtl
1,hairbrushes,brushes,n-rea1-m2_hyp.trn.dtl
1,hairpins,happens,n-rea1-m2_hyp.trn.dtl
1,hairspray,hesperia,n-rea1-m2_hyp.trn.dtl
1,hat,heart,n-rea1-m2_hyp.trn.dtl
1,howled,hold,n-rea1-m2_hyp.trn.dtl
1,lazy,easy,n-rea1-m2_hyp.trn.dtl
1,mother,us,n-rea1-m2_hyp.trn.dtl
1,poor,opposing,n-rea1-m2_hyp.trn.dtl
1,rosa,i,n-rea1-m2_hyp.trn.dtl
1,rosa,rose,n-rea1-m2_hyp.trn.dtl
1,shouting,shopping,n-rea1-m2_hyp.trn.dtl
1,their,that,n-rea1-m2_hyp.trn.dtl
1,their,the,n-rea1-m2_hyp.trn.dtl
1,their,with,n-rea1-m2_hyp.trn.dtl
1,they,they're,n-rea1-m2_hyp.trn.dtl
1,they'd,did,n-rea1-m2_hyp.trn.dtl
1,wanted,want,n-rea1-m2_hyp.trn.dtl
1,were,really,n-rea1-m2_hyp.trn.dtl
1,would,will,n-rea1-m2_hyp.trn.dtl
1,and,in,n-rea1-m3_hyp.trn.dtl
1,but,whatever,n-rea1-m3_hyp.trn.dtl
1,called,want,n-rea1-m3_hyp.trn.dtl
1,cinders,this,n-rea1-m3_hyp.trn.dtl
1,cinders,to,n-rea1-m3_hyp.trn.dtl
1,cinders,tracinda's,n-rea1-m3_hyp.trn.dtl
1,dreamed,they're,n-rea1-m3_hyp.trn.dtl
1,everyone,you,n-rea1-m3_hyp.trn.dtl
1,gowns,gallons,n-rea1-m3_hyp.trn.dtl
1,hairspray,history,n-rea1-m3_hyp.trn.dtl
1,hand,the,n-rea1-m3_hyp.trn.dtl
1,her,call,n-rea1-m3_hyp.trn.dtl
1,howled,held,n-rea1-m3_hyp.trn.dtl
1,lily,elia,n-rea1-m3_hyp.trn.dtl
1,lily,millie,n-rea1-m3_hyp.trn.dtl
1,of,doomed,n-rea1-m3_hyp.trn.dtl
1,one,on,n-rea1-m3_hyp.trn.dtl
1,poor,in,n-rea1-m3_hyp.trn.dtl
1,rosa,i,n-rea1-m3_hyp.trn.dtl
1,they'd,they,n-rea1-m3_hyp.trn.dtl
1,a,the,n-rea1-m4_hyp.trn.dtl
1,and,rose,n-rea1-m4_hyp.trn.dtl
1,announce,announced,n-rea1-m4_hyp.trn.dtl
1,bride,braid,n-rea1-m4_hyp.trn.dtl
1,cinders,does,n-rea1-m4_hyp.trn.dtl
1,cinders,sinners,n-rea1-m4_hyp.trn.dtl
1,had,have,n-rea1-m4_hyp.trn.dtl
1,hairpins,pins,n-rea1-m4_hyp.trn.dtl
1,help,helped,n-rea1-m4_hyp.trn.dtl
1,howled,hut,n-rea1-m4_hyp.trn.dtl
1,lily,lillian,n-rea1-m4_hyp.trn.dtl
1,other,over,n-rea1-m4_hyp.trn.dtl
1,poor,in,n-rea1-m4_hyp.trn.dtl
1,rosa,i,n-rea1-m4_hyp.trn.dtl
1,shouting,shooting,n-rea1-m4_hyp.trn.dtl
1,stepsisters,sisters,n-rea1-m4_hyp.trn.dtl
1,the,held,n-rea1-m4_hyp.trn.dtl
1,they,he,n-rea1-m4_hyp.trn.dtl
1,they'd,had,n-rea1-m4_hyp.trn.dtl
1,to,no,n-rea1-m4_hyp.trn.dtl
2,hairbrushes,brushes,n-rea1-m5_hyp.trn.dtl
1,a,the,n-rea1-m5_hyp.trn.dtl
1,and,in,n-rea1-m5_hyp.trn.dtl
1,and,rose,n-rea1-m5_hyp.trn.dtl
1,ball,boat,n-rea1-m5_hyp.trn.dtl
1,buying,buy,n-rea1-m5_hyp.trn.dtl
1,cinders,cindy's,n-rea1-m5_hyp.trn.dtl
1,cinders,does,n-rea1-m5_hyp.trn.dtl
1,cinders,this,n-rea1-m5_hyp.trn.dtl
1,gowns,guns,n-rea1-m5_hyp.trn.dtl
1,hairpins,hair,n-rea1-m5_hyp.trn.dtl
1,hairpins,happens,n-rea1-m5_hyp.trn.dtl
1,hat,heart,n-rea1-m5_hyp.trn.dtl
1,her,arson,n-rea1-m5_hyp.trn.dtl
1,howled,held,n-rea1-m5_hyp.trn.dtl
1,lily,lillian,n-rea1-m5_hyp.trn.dtl
1,poor,posting,n-rea1-m5_hyp.trn.dtl
1,rosa,up,n-rea1-m5_hyp.trn.dtl
1,they'd,they,n-rea1-m5_hyp.trn.dtl
1,were,we're,n-rea1-m5_hyp.trn.dtl
2,a,the,n-rea1-m6_hyp.trn.dtl
1,again,talking,n-rea1-m6_hyp.trn.dtl
1,and,lillian,n-rea1-m6_hyp.trn.dtl
1,at,that,n-rea1-m6_hyp.trn.dtl
1,bride,bright,n-rea1-m6_hyp.trn.dtl
1,but,put,n-rea1-m6_hyp.trn.dtl
1,cinders,yeah,n-rea1-m6_hyp.trn.dtl
1,ha,the,n-rea1-m6_hyp.trn.dtl
1,hairbrushes,brushes,n-rea1-m6_hyp.trn.dtl
1,hairpins,happens,n-rea1-m6_hyp.trn.dtl
1,hat,hut,n-rea1-m6_hyp.trn.dtl
1,i'll,ladies,n-rea1-m6_hyp.trn.dtl
1,jewels,jules,n-rea1-m6_hyp.trn.dtl
1,lily,linda,n-rea1-m6_hyp.trn.dtl
1,moo,mood,n-rea1-m6_hyp.trn.dtl
1,mother,over,n-rea1-m6_hyp.trn.dtl
1,poor,four,n-rea1-m6_hyp.trn.dtl
1,poor,the,n-rea1-m6_hyp.trn.dtl
1,start,cast,n-rea1-m6_hyp.trn.dtl
1,stepsisters,sisters,n-rea1-m6_hyp.trn.dtl
1,their,the,n-rea1-m6_hyp.trn.dtl
1,their,them,n-rea1-m6_hyp.trn.dtl
1,they,he,n-rea1-m6_hyp.trn.dtl
1,were,we're,n-rea1-m6_hyp.trn.dtl
1,were,will,n-rea1-m6_hyp.trn.dtl
1,a,the,p-rea1-f1_hyp.trn.dtl
1,hat,heart,p-rea1-f1_hyp.trn.dtl
1,hon,honour,p-rea1-f1_hyp.trn.dtl
1,howled,how,p-rea1-f1_hyp.trn.dtl
1,lily,lilly,p-rea1-f1_hyp.trn.dtl
1,me,finally,p-rea1-f1_hyp.trn.dtl
1,stepsisters,sisters,p-rea1-f1_hyp.trn.dtl
1,they'd,they,p-rea1-f1_hyp.trn.dtl
3,their,the,p-rea1-f2_hyp.trn.dtl
2,cinders,singers,p-rea1-f2_hyp.trn.dtl
1,a,answer,p-rea1-f2_hyp.trn.dtl
1,a,spending,p-rea1-f2_hyp.trn.dtl
1,and,rose,p-rea1-f2_hyp.trn.dtl
1,announce,an,p-rea1-f2_hyp.trn.dtl
1,bride,bright,p-rea1-f2_hyp.trn.dtl
1,buying,by,p-rea1-f2_hyp.trn.dtl
1,cinders,centres,p-rea1-f2_hyp.trn.dtl
1,cinders,passengers,p-rea1-f2_hyp.trn.dtl
1,cinders,us,p-rea1-f2_hyp.trn.dtl
1,gowns,count,p-rea1-f2_hyp.trn.dtl
1,gowns,guns,p-rea1-f2_hyp.trn.dtl
1,had,how,p-rea1-f2_hyp.trn.dtl
1,hairbrushes,brushes,p-rea1-f2_hyp.trn.dtl
1,hairpins,happens,p-rea1-f2_hyp.trn.dtl
1,hat,heart,p-rea1-f2_hyp.trn.dtl
1,her,the,p-rea1-f2_hyp.trn.dtl
1,honour,one,p-rea1-f2_hyp.trn.dtl
1,howled,have,p-rea1-f2_hyp.trn.dtl
1,lily,daily,p-rea1-f2_hyp.trn.dtl
1,lily,lillian,p-rea1-f2_hyp.trn.dtl
1,new,any,p-rea1-f2_hyp.trn.dtl
1,one,children,p-rea1-f2_hyp.trn.dtl
1,rosa,i,p-rea1-f2_hyp.trn.dtl
1,rosa,that,p-rea1-f2_hyp.trn.dtl
1,spent,spend,p-rea1-f2_hyp.trn.dtl
1,they,the,p-rea1-f2_hyp.trn.dtl
1,they'd,they,p-rea1-f2_hyp.trn.dtl
1,upon,well,p-rea1-f2_hyp.trn.dtl
1,wear,bear,p-rea1-f2_hyp.trn.dtl
1,when,of,p-rea1-f2_hyp.trn.dtl
3,their,the,p-rea1-f3_hyp.trn.dtl
2,and,lillian,p-rea1-f3_hyp.trn.dtl
1,a,the,p-rea1-f3_hyp.trn.dtl
1,and,in,p-rea1-f3_hyp.trn.dtl
1,and,the,p-rea1-f3_hyp.trn.dtl
1,at,in,p-rea1-f3_hyp.trn.dtl
1,cinders,is,p-rea1-f3_hyp.trn.dtl
1,cinders,sinners,p-rea1-f3_hyp.trn.dtl
1,cinders,this,p-rea1-f3_hyp.trn.dtl
1,gowns,cards,p-rea1-f3_hyp.trn.dtl
1,gowns,counts,p-rea1-f3_hyp.trn.dtl
1,had,that,p-rea1-f3_hyp.trn.dtl
1,hairpins,happens,p-rea1-f3_hyp.trn.dtl
1,hairspray,sprays,p-rea1-f3_hyp.trn.dtl
1,hat,out,p-rea1-f3_hyp.trn.dtl
1,her,him,p-rea1-f3_hyp.trn.dtl
1,her,us,p-rea1-f3_hyp.trn.dtl
1,howled,how,p-rea1-f3_hyp.trn.dtl
1,jewels,jewish,p-rea1-f3_hyp.trn.dtl
1,lily,living,p-rea1-f3_hyp.trn.dtl
1,mother,with,p-rea1-f3_hyp.trn.dtl
1,sisters,still,p-rea1-f3_hyp.trn.dtl
1,spent,spend,p-rea1-f3_hyp.trn.dtl
1,stepsisters,sisters,p-rea1-f3_hyp.trn.dtl
1,they,the,p-rea1-f3_hyp.trn.dtl
1,they'd,they,p-rea1-f3_hyp.trn.dtl
1,unfriendly,friendly,p-rea1-f3_hyp.trn.dtl
1,wanted,wounded,p-rea1-f3_hyp.trn.dtl
1,would,will,p-rea1-f3_hyp.trn.dtl
2,and,lillian,p-rea1-f4_hyp.trn.dtl
2,their,the,p-rea1-f4_hyp.trn.dtl
2,were,they're,p-rea1-f4_hyp.trn.dtl
1,a,answer,p-rea1-f4_hyp.trn.dtl
1,and,was,p-rea1-f4_hyp.trn.dtl
1,announce,an,p-rea1-f4_hyp.trn.dtl
1,ball,all,p-rea1-f4_hyp.trn.dtl
1,bells,bills,p-rea1-f4_hyp.trn.dtl
1,buying,by,p-rea1-f4_hyp.trn.dtl
1,cinders,passengers,p-rea1-f4_hyp.trn.dtl
1,dreamed,dream,p-rea1-f4_hyp.trn.dtl
1,hat,heart,p-rea1-f4_hyp.trn.dtl
1,her,the,p-rea1-f4_hyp.trn.dtl
1,howled,hold,p-rea1-f4_hyp.trn.dtl
1,lily,liliana,p-rea1-f4_hyp.trn.dtl
1,only,his,p-rea1-f4_hyp.trn.dtl
1,rosa,i,p-rea1-f4_hyp.trn.dtl
1,rosa,rose,p-rea1-f4_hyp.trn.dtl
1,stepsisters,sisters,p-rea1-f4_hyp.trn.dtl
1,they,the,p-rea1-f4_hyp.trn.dtl
1,they'd,they,p-rea1-f4_hyp.trn.dtl
1,william,william's,p-rea1-f4_hyp.trn.dtl
2,and,lillian,p-rea1-f5_hyp.trn.dtl
2,their,the,p-rea1-f5_hyp.trn.dtl
1,and,are,p-rea1-f5_hyp.trn.dtl
1,buying,by,p-rea1-f5_hyp.trn.dtl
1,cinders,centres,p-rea1-f5_hyp.trn.dtl
1,cinders,passengers,p-rea1-f5_hyp.trn.dtl
1,gowns,guns,p-rea1-f5_hyp.trn.dtl
1,her,a,p-rea1-f5_hyp.trn.dtl
1,honour,one,p-rea1-f5_hyp.trn.dtl
1,howled,all,p-rea1-f5_hyp.trn.dtl
1,new,any,p-rea1-f5_hyp.trn.dtl
1,old,role,p-rea1-f5_hyp.trn.dtl
1,rosa,rose,p-rea1-f5_hyp.trn.dtl
1,royal,around,p-rea1-f5_hyp.trn.dtl
1,stepsisters,sisters,p-rea1-f5_hyp.trn.dtl
1,they'd,they,p-rea1-f5_hyp.trn.dtl
3,their,the,p-rea1-f6_hyp.trn.dtl
1,a,the,p-rea1-f6_hyp.trn.dtl
1,a,this,p-rea1-f6_hyp.trn.dtl
1,and,in,p-rea1-f6_hyp.trn.dtl
1,and,lillian,p-rea1-f6_hyp.trn.dtl
1,and,rose,p-rea1-f6_hyp.trn.dtl
1,bride,bright,p-rea1-f6_hyp.trn.dtl
1,buying,by,p-rea1-f6_hyp.trn.dtl
1,cinders,ascended,p-rea1-f6_hyp.trn.dtl
1,cinders,it,p-rea1-f6_hyp.trn.dtl
1,cinders,sanders,p-rea1-f6_hyp.trn.dtl
1,going,go,p-rea1-f6_hyp.trn.dtl
1,gowns,guns,p-rea1-f6_hyp.trn.dtl
1,hairbrushes,it,p-rea1-f6_hyp.trn.dtl
1,hairpins,happens,p-rea1-f6_hyp.trn.dtl
1,hat,how,p-rea1-f6_hyp.trn.dtl
1,he,it,p-rea1-f6_hyp.trn.dtl
1,her,the,p-rea1-f6_hyp.trn.dtl
1,howled,all,p-rea1-f6_hyp.trn.dtl
1,lily,lillian,p-rea1-f6_hyp.trn.dtl
1,one,won't,p-rea1-f6_hyp.trn.dtl
1,parties,passes,p-rea1-f6_hyp.trn.dtl
1,poor,paul,p-rea1-f6_hyp.trn.dtl
1,rosa,i,p-rea1-f6_hyp.trn.dtl
1,rosa,rose,p-rea1-f6_hyp.trn.dtl
1,sisters,assistance,p-rea1-f6_hyp.trn.dtl
1,stepsisters,sisters,p-rea1-f6_hyp.trn.dtl
1,they'd,they,p-rea1-f6_hyp.trn.dtl
1,to,into,p-rea1-f6_hyp.trn.dtl
1,when,in,p-rea1-f6_hyp.trn.dtl
1,would,will,p-rea1-f6_hyp.trn.dtl
1,a,the,p-rea1-f7_hyp.trn.dtl
1,and,rose,p-rea1-f7_hyp.trn.dtl
1,at,a,p-rea1-f7_hyp.trn.dtl
1,buying,buy,p-rea1-f7_hyp.trn.dtl
1,called,cause,p-rea1-f7_hyp.trn.dtl
1,cinders,seniors,p-rea1-f7_hyp.trn.dtl
1,cinders,singers,p-rea1-f7_hyp.trn.dtl
1,gowns,guns,p-rea1-f7_hyp.trn.dtl
1,hairpins,happens,p-rea1-f7_hyp.trn.dtl
1,hat,heart,p-rea1-f7_hyp.trn.dtl
1,her,calls,p-rea1-f7_hyp.trn.dtl
1,howled,how,p-rea1-f7_hyp.trn.dtl
1,lily,lillian,p-rea1-f7_hyp.trn.dtl
1,rosa,i,p-rea1-f7_hyp.trn.dtl
1,rosa,lillian,p-rea1-f7_hyp.trn.dtl
1,shouting,sharing,p-rea1-f7_hyp.trn.dtl
1,started,stein,p-rea1-f7_hyp.trn.dtl
1,stepsisters,sisters,p-rea1-f7_hyp.trn.dtl
1,their,that,p-rea1-f7_hyp.trn.dtl
1,they,the,p-rea1-f7_hyp.trn.dtl
1,they'd,they,p-rea1-f7_hyp.trn.dtl
1,unfriendly,friendly,p-rea1-f7_hyp.trn.dtl
1,very,one,p-rea1-f7_hyp.trn.dtl
1,were,rose,p-rea1-f7_hyp.trn.dtl
1,were,they're,p-rea1-f7_hyp.trn.dtl
1,william,principally,p-rea1-f7_hyp.trn.dtl
1,all,of,p-rea1-m1_hyp.trn.dtl
1,and,hair,p-rea1-m1_hyp.trn.dtl
1,and,happens,p-rea1-m1_hyp.trn.dtl
1,and,on,p-rea1-m1_hyp.trn.dtl
1,arrived,right,p-rea1-m1_hyp.trn.dtl
1,at,in,p-rea1-m1_hyp.trn.dtl
1,ball,pronounceable,p-rea1-m1_hyp.trn.dtl
1,bells,bills,p-rea1-m1_hyp.trn.dtl
1,bride,bright,p-rea1-m1_hyp.trn.dtl
1,but,them,p-rea1-m1_hyp.trn.dtl
1,cinders,singers,p-rea1-m1_hyp.trn.dtl
1,cinders,this,p-rea1-m1_hyp.trn.dtl
1,gowns,guns,p-rea1-m1_hyp.trn.dtl
1,hair,on,p-rea1-m1_hyp.trn.dtl
1,hairbrushes,her,p-rea1-m1_hyp.trn.dtl
1,hairpins,brushes,p-rea1-m1_hyp.trn.dtl
1,hairspray,spray,p-rea1-m1_hyp.trn.dtl
1,hat,how,p-rea1-m1_hyp.trn.dtl
1,howled,old,p-rea1-m1_hyp.trn.dtl
1,mother,mothers,p-rea1-m1_hyp.trn.dtl
1,one,alone,p-rea1-m1_hyp.trn.dtl
1,other,they,p-rea1-m1_hyp.trn.dtl
1,pr,her,p-rea1-m1_hyp.trn.dtl
1,rosa,i,p-rea1-m1_hyp.trn.dtl
1,stepsisters,sisters,p-rea1-m1_hyp.trn.dtl
1,the,do,p-rea1-m1_hyp.trn.dtl
1,their,the,p-rea1-m1_hyp.trn.dtl
1,they'd,they,p-rea1-m1_hyp.trn.dtl
1,when,one,p-rea1-m1_hyp.trn.dtl
2,cinders,singers,p-rea1-m2_hyp.trn.dtl
1,a,answer,p-rea1-m2_hyp.trn.dtl
1,and,her,p-rea1-m2_hyp.trn.dtl
1,announce,an,p-rea1-m2_hyp.trn.dtl
1,at,in,p-rea1-m2_hyp.trn.dtl
1,but,by,p-rea1-m2_hyp.trn.dtl
1,buying,buy,p-rea1-m2_hyp.trn.dtl
1,cinders,center's,p-rea1-m2_hyp.trn.dtl
1,cinders,passengers,p-rea1-m2_hyp.trn.dtl
1,cinders,to,p-rea1-m2_hyp.trn.dtl
1,downs,down,p-rea1-m2_hyp.trn.dtl
1,gowns,count,p-rea1-m2_hyp.trn.dtl
1,gowns,grounds,p-rea1-m2_hyp.trn.dtl
1,hairbrushes,happens,p-rea1-m2_hyp.trn.dtl
1,hairpins,on,p-rea1-m2_hyp.trn.dtl
1,hairspray,spread,p-rea1-m2_hyp.trn.dtl
1,her,a,p-rea1-m2_hyp.trn.dtl
1,howled,heart,p-rea1-m2_hyp.trn.dtl
1,lily,really,p-rea1-m2_hyp.trn.dtl
1,old,will,p-rea1-m2_hyp.trn.dtl
1,one,yellow,p-rea1-m2_hyp.trn.dtl
1,rosa,rather,p-rea1-m2_hyp.trn.dtl
1,sisters,investors,p-rea1-m2_hyp.trn.dtl
1,spent,spend,p-rea1-m2_hyp.trn.dtl
1,started,stayed,p-rea1-m2_hyp.trn.dtl
1,stepsisters,sisters,p-rea1-m2_hyp.trn.dtl
1,the,wholly,p-rea1-m2_hyp.trn.dtl
1,their,the,p-rea1-m2_hyp.trn.dtl
1,their,they,p-rea1-m2_hyp.trn.dtl
1,they'd,they,p-rea1-m2_hyp.trn.dtl
1,when,with,p-rea1-m2_hyp.trn.dtl
1,would,will,p-rea1-m2_hyp.trn.dtl
2,and,lillian,p-rea1-m3_hyp.trn.dtl
2,their,the,p-rea1-m3_hyp.trn.dtl
1,a,anti,p-rea1-m3_hyp.trn.dtl
1,and,in,p-rea1-m3_hyp.trn.dtl
1,announce,an,p-rea1-m3_hyp.trn.dtl
1,at,showing,p-rea1-m3_hyp.trn.dtl
1,called,erin,p-rea1-m3_hyp.trn.dtl
1,cinders,passengers,p-rea1-m3_hyp.trn.dtl
1,cinders,singers,p-rea1-m3_hyp.trn.dtl
1,cinders,this,p-rea1-m3_hyp.trn.dtl
1,gowns,guns,p-rea1-m3_hyp.trn.dtl
1,had,shut,p-rea1-m3_hyp.trn.dtl
1,hairbrushes,hat,p-rea1-m3_hyp.trn.dtl
1,hairpins,pins,p-rea1-m3_hyp.trn.dtl
1,hairspray,history,p-rea1-m3_hyp.trn.dtl
1,her,carla,p-rea1-m3_hyp.trn.dtl
1,her,the,p-rea1-m3_hyp.trn.dtl
1,her,us,p-rea1-m3_hyp.trn.dtl
1,howled,all,p-rea1-m3_hyp.trn.dtl
1,new,many,p-rea1-m3_hyp.trn.dtl
1,one,gentlemen,p-rea1-m3_hyp.trn.dtl
1,poor,pausing,p-rea1-m3_hyp.trn.dtl
1,queen's,queen,p-rea1-m3_hyp.trn.dtl
1,rosa,rose,p-rea1-m3_hyp.trn.dtl
1,sisters,to,p-rea1-m3_hyp.trn.dtl
1,spent,spend,p-rea1-m3_hyp.trn.dtl
1,stepsisters,sisters,p-rea1-m3_hyp.trn.dtl
1,they,been,p-rea1-m3_hyp.trn.dtl
1,they'd,they,p-rea1-m3_hyp.trn.dtl
1,wanted,his,p-rea1-m3_hyp.trn.dtl
1,was,he's,p-rea1-m3_hyp.trn.dtl
1,would,should,p-rea1-m3_hyp.trn.dtl
1,announ,non,p-rea1-m4_hyp.trn.dtl
1,ball,poll,p-rea1-m4_hyp.trn.dtl
1,bells,wells,p-rea1-m4_hyp.trn.dtl
1,cinders,passengers,p-rea1-m4_hyp.trn.dtl
1,cinders,senders,p-rea1-m4_hyp.trn.dtl
1,divine,fine,p-rea1-m4_hyp.trn.dtl
1,gowns,counts,p-rea1-m4_hyp.trn.dtl
1,had,how,p-rea1-m4_hyp.trn.dtl
1,hairsprays,sprays,p-rea1-m4_hyp.trn.dtl
1,hat,how,p-rea1-m4_hyp.trn.dtl
1,honour,havana,p-rea1-m4_hyp.trn.dtl
1,howled,old,p-rea1-m4_hyp.trn.dtl
1,lily,lilly,p-rea1-m4_hyp.trn.dtl
1,other,they,p-rea1-m4_hyp.trn.dtl
1,rosa,a,p-rea1-m4_hyp.trn.dtl
1,sisters,sister's,p-rea1-m4_hyp.trn.dtl
1,stepsisters,sisters,p-rea1-m4_hyp.trn.dtl
1,the,are,p-rea1-m4_hyp.trn.dtl
1,they'd,had,p-rea1-m4_hyp.trn.dtl
1,thought,rosetta,p-rea1-m4_hyp.trn.dtl
3,cinders,singers,p-rea1-m6_hyp.trn.dtl
1,and,her,p-rea1-m6_hyp.trn.dtl
1,at,saying,p-rea1-m6_hyp.trn.dtl
1,ball,about,p-rea1-m6_hyp.trn.dtl
1,cinders,there,p-rea1-m6_hyp.trn.dtl
1,cinders,this,p-rea1-m6_hyp.trn.dtl
1,divine,doing,p-rea1-m6_hyp.trn.dtl
1,gowns,count,p-rea1-m6_hyp.trn.dtl
1,gowns,counts,p-rea1-m6_hyp.trn.dtl
1,hairbrushes,happens,p-rea1-m6_hyp.trn.dtl
1,hairpins,on,p-rea1-m6_hyp.trn.dtl
1,hairspray,spray,p-rea1-m6_hyp.trn.dtl
1,hat,how,p-rea1-m6_hyp.trn.dtl
1,her,us,p-rea1-m6_hyp.trn.dtl
1,howled,all,p-rea1-m6_hyp.trn.dtl
1,me,handmade,p-rea1-m6_hyp.trn.dtl
1,new,knew,p-rea1-m6_hyp.trn.dtl
1,parties,party,p-rea1-m6_hyp.trn.dtl
1,poor,posting,p-rea1-m6_hyp.trn.dtl
1,rosa,it,p-rea1-m6_hyp.trn.dtl
1,son,allyson,p-rea1-m6_hyp.trn.dtl
1,stepsisters,sisters,p-rea1-m6_hyp.trn.dtl
1,their,the,p-rea1-m6_hyp.trn.dtl
1,their,they,p-rea1-m6_hyp.trn.dtl
1,they,you,p-rea1-m6_hyp.trn.dtl
1,they'd,had,p-rea1-m6_hyp.trn.dtl
1,yelled,yellow,p-rea1-m6_hyp.trn.dtl
